payload_length,digit_ratio,special_char_count,amount,amount_missing,merchant_name_missing,merchant_name_length,generic_merchant_name,upi_id_length,upi_handle_length,has_embedded_url,non_standard_param_count,suspicious_vpa_pattern,dataset_source,label
70,0.1143,11,1107.34,0,0,19,0,16,10,0,0,0,SYNTHETIC_UPI_V1,1
58,0.0345,11,0.0,1,0,12,0,18,10,0,0,0,SYNTHETIC_UPI_V1,1
67,0.1194,11,1054.97,0,0,19,0,13,5,0,0,0,SYNTHETIC_UPI_V1,1
57,0.1228,11,247.89,0,0,12,0,11,5,0,0,0,SYNTHETIC_UPI_V1,1
65,0.1077,11,511.53,0,0,19,0,12,5,0,0,0,SYNTHETIC_UPI_V1,1
62,0.129,11,1212.62,0,0,11,0,16,10,0,0,0,SYNTHETIC_UPI_V1,1
67,0.1194,11,1245.81,0,0,14,0,18,8,0,0,0,SYNTHETIC_UPI_V1,1
58,0.1379,11,1161.87,0,0,12,0,11,3,0,0,0,SYNTHETIC_UPI_V1,1
66,0.1212,11,685.58,0,0,14,0,18,10,0,0,0,SYNTHETIC_UPI_V1,1
63,0.127,11,1055.71,0,0,19,0,9,3,0,0,0,SYNTHETIC_UPI_V1,1
68,0.1176,11,374.77,0,0,16,0,18,10,0,0,0,SYNTHETIC_UPI_V1,1
61,0.1311,11,1166.24,0,0,11,0,15,8,0,0,0,SYNTHETIC_UPI_V1,1
58,0.1379,11,108.62,0,0,11,0,13,5,0,0,0,SYNTHETIC_UPI_V1,1
57,0.1228,11,967.85,0,0,10,0,13,3,0,0,0,SYNTHETIC_UPI_V1,1
57,0.1228,11,648.37,0,0,11,0,12,5,0,0,0,SYNTHETIC_UPI_V1,1
52,0.0385,11,0.0,1,0,12,0,12,5,0,0,0,SYNTHETIC_UPI_V1,1
65,0.1231,11,1190.2,0,0,16,0,15,7,0,0,0,SYNTHETIC_UPI_V1,1
59,0.1186,11,707.39,0,0,10,0,15,5,0,0,0,SYNTHETIC_UPI_V1,1
57,0.1404,11,180.68,0,0,12,0,11,3,0,0,0,SYNTHETIC_UPI_V1,1
50,0.06,11,0.0,1,0,11,0,11,3,0,0,0,SYNTHETIC_UPI_V1,1
59,0.1356,11,1145.32,0,0,11,0,13,5,0,0,0,SYNTHETIC_UPI_V1,1
63,0.127,11,766.42,0,0,11,0,18,10,0,0,0,SYNTHETIC_UPI_V1,1
58,0.1207,11,738.02,0,0,12,0,12,5,0,0,0,SYNTHETIC_UPI_V1,1
62,0.1129,11,368.9,0,0,11,0,18,10,0,0,0,SYNTHETIC_UPI_V1,1
68,0.1029,11,803.73,0,0,14,0,20,10,0,0,0,SYNTHETIC_UPI_V1,1
66,0.1212,11,1309.93,0,0,16,0,15,5,0,0,0,SYNTHETIC_UPI_V1,1
65,0.1077,11,604.5,0,0,19,0,13,5,0,0,0,SYNTHETIC_UPI_V1,1
60,0.1,11,105.4,0,0,14,0,13,3,0,0,0,SYNTHETIC_UPI_V1,1
61,0.0328,11,0.0,1,0,19,0,14,7,0,0,0,SYNTHETIC_UPI_V1,1
54,0.037,11,0.0,1,0,11,0,15,7,0,0,0,SYNTHETIC_UPI_V1,1
68,0.1029,11,1087.8,0,0,19,0,15,5,0,0,0,SYNTHETIC_UPI_V1,1
56,0.0357,11,0.0,1,0,10,0,18,8,0,0,0,SYNTHETIC_UPI_V1,1
63,0.127,11,705.87,0,0,11,0,18,10,0,0,0,SYNTHETIC_UPI_V1,1
57,0.0526,11,0.0,1,0,14,0,15,7,0,0,0,SYNTHETIC_UPI_V1,1
59,0.1356,11,293.41,0,0,14,0,11,3,0,0,0,SYNTHETIC_UPI_V1,1
61,0.1311,11,1312.98,0,0,11,0,15,8,0,0,0,SYNTHETIC_UPI_V1,1
64,0.1094,11,815.48,0,0,12,0,18,10,0,0,0,SYNTHETIC_UPI_V1,1
62,0.0484,11,0.0,1,0,19,0,15,7,0,0,0,SYNTHETIC_UPI_V1,1
58,0.0345,11,0.0,1,0,12,0,18,8,0,0,0,SYNTHETIC_UPI_V1,1
61,0.1475,11,1179.84,0,0,11,0,15,7,0,0,0,SYNTHETIC_UPI_V1,1
57,0.0351,11,0.0,1,0,16,0,13,3,0,0,0,SYNTHETIC_UPI_V1,1
58,0.1207,11,95.18,0,0,12,0,13,5,0,0,0,SYNTHETIC_UPI_V1,1
61,0.1148,11,129.37,0,0,12,0,15,8,0,0,0,SYNTHETIC_UPI_V1,1
67,0.1194,11,1412.98,0,0,19,0,13,5,0,0,0,SYNTHETIC_UPI_V1,1
61,0.1148,11,879.67,0,0,14,0,13,5,0,0,0,SYNTHETIC_UPI_V1,1
64,0.125,11,478.13,0,0,19,0,11,3,0,0,0,SYNTHETIC_UPI_V1,1
56,0.1429,11,1130.28,0,0,12,0,9,3,0,0,0,SYNTHETIC_UPI_V1,1
66,0.1061,11,763.77,0,0,14,0,18,10,0,0,0,SYNTHETIC_UPI_V1,1
60,0.1167,11,560.6,0,0,14,0,13,5,0,0,0,SYNTHETIC_UPI_V1,1
57,0.1228,11,836.36,0,0,12,0,11,5,0,0,0,SYNTHETIC_UPI_V1,1
69,0.1304,11,1335.67,0,0,16,0,18,10,0,0,0,SYNTHETIC_UPI_V1,1
57,0.1228,11,955.01,0,0,11,0,12,5,0,0,0,SYNTHETIC_UPI_V1,1
49,0.0408,11,0.0,1,0,12,0,9,3,0,0,0,SYNTHETIC_UPI_V1,1
53,0.0566,11,0.0,1,0,12,0,13,5,0,0,0,SYNTHETIC_UPI_V1,1
52,0.0577,11,0.0,1,0,11,0,13,5,0,0,0,SYNTHETIC_UPI_V1,1
58,0.0345,11,0.0,1,0,12,0,18,8,0,0,0,SYNTHETIC_UPI_V1,1
60,0.1,11,72.32,0,0,16,0,11,5,0,0,0,SYNTHETIC_UPI_V1,1
57,0.1404,11,323.01,0,0,12,0,11,3,0,0,0,SYNTHETIC_UPI_V1,1
59,0.1525,11,1327.36,0,0,11,0,13,5,0,0,0,SYNTHETIC_UPI_V1,1
63,0.127,11,362.74,0,0,16,0,13,5,0,0,0,SYNTHETIC_UPI_V1,1
62,0.1129,11,46.93,0,0,16,0,13,5,0,0,0,SYNTHETIC_UPI_V1,1
56,0.1607,11,1297.46,0,0,10,0,11,3,0,0,0,SYNTHETIC_UPI_V1,1
57,0.1228,11,1289.3,0,0,10,0,13,5,0,0,0,SYNTHETIC_UPI_V1,1
61,0.1311,11,1195.06,0,0,11,0,15,5,0,0,0,SYNTHETIC_UPI_V1,1
57,0.1404,11,1297.89,0,0,10,0,12,5,0,0,0,SYNTHETIC_UPI_V1,1
58,0.1207,11,181.86,0,0,11,0,13,3,0,0,0,SYNTHETIC_UPI_V1,1
49,0.0408,11,0.0,1,0,12,0,9,3,0,0,0,SYNTHETIC_UPI_V1,1
55,0.1273,11,772.02,0,0,10,0,11,5,0,0,0,SYNTHETIC_UPI_V1,1
67,0.1343,11,1066.09,0,0,19,0,13,5,0,0,0,SYNTHETIC_UPI_V1,1
60,0.1333,11,1423.82,0,0,11,0,14,7,0,0,0,SYNTHETIC_UPI_V1,1
59,0.1356,11,457.48,0,0,14,0,11,3,0,0,0,SYNTHETIC_UPI_V1,1
56,0.1429,11,450.53,0,0,11,0,11,3,0,0,0,SYNTHETIC_UPI_V1,1
65,0.1077,11,458.42,0,0,16,0,15,5,0,0,0,SYNTHETIC_UPI_V1,1
58,0.1207,11,913.93,0,0,10,0,14,7,0,0,0,SYNTHETIC_UPI_V1,1
67,0.1194,11,1192.67,0,0,19,0,13,3,0,0,0,SYNTHETIC_UPI_V1,1
58,0.1379,11,953.08,0,0,11,0,13,5,0,0,0,SYNTHETIC_UPI_V1,1
54,0.1111,11,306.7,0,0,11,0,10,3,0,0,0,SYNTHETIC_UPI_V1,1
66,0.1212,11,1330.34,0,0,14,0,17,7,0,0,0,SYNTHETIC_UPI_V1,1
57,0.1404,11,373.54,0,0,10,0,13,5,0,0,0,SYNTHETIC_UPI_V1,1
63,0.127,11,336.07,0,0,14,0,15,7,0,0,0,SYNTHETIC_UPI_V1,1
64,0.125,11,1204.11,0,0,14,0,15,8,0,0,0,SYNTHETIC_UPI_V1,1
58,0.1552,11,1081.72,0,0,12,0,11,3,0,0,0,SYNTHETIC_UPI_V1,1
60,0.15,11,1118.05,0,0,12,0,13,5,0,0,0,SYNTHETIC_UPI_V1,1
60,0.1167,11,786.74,0,0,11,0,15,8,0,0,0,SYNTHETIC_UPI_V1,1
58,0.1207,11,510.41,0,0,11,0,13,5,0,0,0,SYNTHETIC_UPI_V1,1
62,0.129,11,1062.56,0,0,10,0,17,10,0,0,0,SYNTHETIC_UPI_V1,1
62,0.1129,11,318.18,0,0,12,0,16,10,0,0,0,SYNTHETIC_UPI_V1,1
58,0.1379,11,1414.69,0,0,10,0,13,5,0,0,0,SYNTHETIC_UPI_V1,1
55,0.1455,11,1104.6,0,0,10,0,11,3,0,0,0,SYNTHETIC_UPI_V1,1
54,0.1111,11,589.4,0,0,10,0,11,5,0,0,0,SYNTHETIC_UPI_V1,1
60,0.15,11,1471.28,0,0,12,0,13,5,0,0,0,SYNTHETIC_UPI_V1,1
55,0.0545,11,0.0,1,0,12,0,15,7,0,0,0,SYNTHETIC_UPI_V1,1
60,0.05,11,0.0,1,0,16,0,16,5,0,0,0,SYNTHETIC_UPI_V1,1
62,0.1452,11,1320.66,0,0,11,0,16,5,0,0,0,SYNTHETIC_UPI_V1,1
55,0.1455,11,132.04,0,0,10,0,11,3,0,0,0,SYNTHETIC_UPI_V1,1
61,0.1311,11,531.44,0,0,12,0,15,7,0,0,0,SYNTHETIC_UPI_V1,1
65,0.1385,11,1424.92,0,0,12,0,18,10,0,0,0,SYNTHETIC_UPI_V1,1
63,0.127,11,715.61,0,0,16,0,13,5,0,0,0,SYNTHETIC_UPI_V1,1
65,0.1385,11,1152.68,0,0,12,0,18,10,0,0,0,SYNTHETIC_UPI_V1,1
61,0.1311,11,254.01,0,0,14,0,13,5,0,0,0,SYNTHETIC_UPI_V1,1
58,0.1552,11,1362.96,0,0,11,0,12,3,0,0,0,SYNTHETIC_UPI_V1,1
62,0.1452,11,1247.55,0,0,14,0,13,5,0,0,0,SYNTHETIC_UPI_V1,1
60,0.1333,11,853.24,0,0,14,0,12,5,0,0,0,SYNTHETIC_UPI_V1,1
57,0.0526,11,0.0,1,0,11,0,18,7,0,0,0,SYNTHETIC_UPI_V1,1
54,0.0556,11,0.0,1,0,12,0,14,3,0,0,0,SYNTHETIC_UPI_V1,1
57,0.1404,11,658.88,0,0,12,0,11,3,0,0,0,SYNTHETIC_UPI_V1,1
58,0.1552,11,1240.34,0,0,12,0,11,3,0,0,0,SYNTHETIC_UPI_V1,1
59,0.1356,11,681.69,0,0,14,0,11,3,0,0,0,SYNTHETIC_UPI_V1,1
58,0.0517,11,0.0,1,0,11,0,19,8,0,0,0,SYNTHETIC_UPI_V1,1
55,0.1273,11,517.1,0,0,11,0,11,3,0,0,0,SYNTHETIC_UPI_V1,1
59,0.1356,11,615.58,0,0,14,0,11,3,0,0,0,SYNTHETIC_UPI_V1,1
58,0.1207,11,35.69,0,0,12,0,13,5,0,0,0,SYNTHETIC_UPI_V1,1
56,0.1429,11,559.84,0,0,11,0,11,3,0,0,0,SYNTHETIC_UPI_V1,1
55,0.1455,11,413.67,0,0,11,0,10,3,0,0,0,SYNTHETIC_UPI_V1,1
50,0.06,11,0.0,1,0,11,0,11,3,0,0,0,SYNTHETIC_UPI_V1,1
62,0.1452,11,1465.14,0,0,11,0,16,5,0,0,0,SYNTHETIC_UPI_V1,1
64,0.125,11,547.71,0,0,19,0,11,3,0,0,0,SYNTHETIC_UPI_V1,1
50,0.06,11,0.0,1,0,11,0,11,3,0,0,0,SYNTHETIC_UPI_V1,1
55,0.0545,11,0.0,1,0,12,0,15,7,0,0,0,SYNTHETIC_UPI_V1,1
63,0.1111,11,284.7,0,0,12,0,18,7,0,0,0,SYNTHETIC_UPI_V1,1
66,0.1212,11,607.05,0,0,14,0,18,7,0,0,0,SYNTHETIC_UPI_V1,1
63,0.0476,11,0.0,1,0,16,0,19,10,0,0,0,SYNTHETIC_UPI_V1,1
58,0.1207,11,630.1,0,0,14,0,11,3,0,0,0,SYNTHETIC_UPI_V1,1
57,0.1404,11,669.65,0,0,10,0,13,5,0,0,0,SYNTHETIC_UPI_V1,1
61,0.1148,11,319.6,0,0,14,0,14,5,0,0,0,SYNTHETIC_UPI_V1,1
64,0.125,11,832.47,0,0,16,0,14,5,0,0,0,SYNTHETIC_UPI_V1,1
61,0.1148,11,354.9,0,0,12,0,16,5,0,0,0,SYNTHETIC_UPI_V1,1
51,0.0588,11,0.0,1,0,12,0,11,3,0,0,0,SYNTHETIC_UPI_V1,1
65,0.1077,11,821.4,0,0,19,0,13,5,0,0,0,SYNTHETIC_UPI_V1,1
57,0.0526,11,0.0,1,0,16,0,13,5,0,0,0,SYNTHETIC_UPI_V1,1
58,0.1379,11,708.36,0,0,11,0,13,5,0,0,0,SYNTHETIC_UPI_V1,1
56,0.1429,11,745.75,0,0,11,0,11,3,0,0,0,SYNTHETIC_UPI_V1,1
65,0.1077,11,48.54,0,0,11,0,21,10,0,0,0,SYNTHETIC_UPI_V1,1
59,0.1356,11,1011.7,0,0,12,0,13,5,0,0,0,SYNTHETIC_UPI_V1,1
57,0.1404,11,668.92,0,0,12,0,11,3,0,0,0,SYNTHETIC_UPI_V1,1
60,0.1333,11,710.32,0,0,12,0,14,3,0,0,0,SYNTHETIC_UPI_V1,1
65,0.1385,11,1043.57,0,0,16,0,14,5,0,0,0,SYNTHETIC_UPI_V1,1
55,0.1455,11,829.64,0,0,10,0,11,3,0,0,0,SYNTHETIC_UPI_V1,1
54,0.0556,11,0.0,1,0,11,0,15,8,0,0,0,SYNTHETIC_UPI_V1,1
59,0.1356,11,818.46,0,0,12,0,13,5,0,0,0,SYNTHETIC_UPI_V1,1
59,0.1525,11,1142.39,0,0,12,0,12,5,0,0,0,SYNTHETIC_UPI_V1,1
59,0.1525,11,1050.39,0,0,11,0,13,5,0,0,0,SYNTHETIC_UPI_V1,1
67,0.1045,11,30.37,0,0,16,0,18,10,0,0,0,SYNTHETIC_UPI_V1,1
60,0.1333,11,975.09,0,0,12,0,14,5,0,0,0,SYNTHETIC_UPI_V1,1
57,0.1404,11,728.92,0,0,11,0,12,5,0,0,0,SYNTHETIC_UPI_V1,1
54,0.0556,11,0.0,1,0,10,0,16,8,0,0,0,SYNTHETIC_UPI_V1,1
59,0.1525,11,1283.07,0,0,11,0,13,5,0,0,0,SYNTHETIC_UPI_V1,1
56,0.1429,11,431.43,0,0,11,0,11,3,0,0,0,SYNTHETIC_UPI_V1,1
57,0.1404,11,675.36,0,0,12,0,11,3,0,0,0,SYNTHETIC_UPI_V1,1
66,0.1364,11,1305.71,0,0,12,0,19,8,0,0,0,SYNTHETIC_UPI_V1,1
51,0.0588,11,0.0,1,0,10,0,13,5,0,0,0,SYNTHETIC_UPI_V1,1
59,0.1186,11,998.9,0,0,10,0,16,8,0,0,0,SYNTHETIC_UPI_V1,1
64,0.125,11,889.37,0,0,16,0,14,5,0,0,0,SYNTHETIC_UPI_V1,1
58,0.0517,11,0.0,1,0,12,0,18,10,0,0,0,SYNTHETIC_UPI_V1,1
61,0.1475,11,1455.24,0,0,10,0,16,8,0,0,0,SYNTHETIC_UPI_V1,1
62,0.129,11,602.25,0,0,11,0,17,10,0,0,0,SYNTHETIC_UPI_V1,1
62,0.129,11,943.93,0,0,10,0,18,10,0,0,0,SYNTHETIC_UPI_V1,1
62,0.129,11,359.81,0,0,12,0,16,8,0,0,0,SYNTHETIC_UPI_V1,1
59,0.1356,11,156.68,0,0,14,0,11,3,0,0,0,SYNTHETIC_UPI_V1,1
57,0.0526,11,0.0,1,0,12,0,17,10,0,0,0,SYNTHETIC_UPI_V1,1
52,0.0577,11,0.0,1,0,10,0,14,7,0,0,0,SYNTHETIC_UPI_V1,1
57,0.0526,11,0.0,1,0,16,0,13,5,0,0,0,SYNTHETIC_UPI_V1,1
65,0.1077,11,878.9,0,0,19,0,13,5,0,0,0,SYNTHETIC_UPI_V1,1
56,0.1071,11,24.0,0,0,12,0,12,5,0,0,0,SYNTHETIC_UPI_V1,1
60,0.05,11,0.0,1,0,16,0,16,8,0,0,0,SYNTHETIC_UPI_V1,1
56,0.1429,11,642.22,0,0,11,0,11,3,0,0,0,SYNTHETIC_UPI_V1,1
64,0.1406,11,1281.47,0,0,19,0,10,3,0,0,0,SYNTHETIC_UPI_V1,1
62,0.129,11,449.89,0,0,11,0,17,10,0,0,0,SYNTHETIC_UPI_V1,1
61,0.1475,11,1355.37,0,0,12,0,14,5,0,0,0,SYNTHETIC_UPI_V1,1
57,0.1228,11,293.3,0,0,11,0,13,5,0,0,0,SYNTHETIC_UPI_V1,1
62,0.1452,11,1356.07,0,0,16,0,11,3,0,0,0,SYNTHETIC_UPI_V1,1
65,0.1385,11,1101.22,0,0,12,0,18,7,0,0,0,SYNTHETIC_UPI_V1,1
62,0.1129,11,271.7,0,0,11,0,18,10,0,0,0,SYNTHETIC_UPI_V1,1
58,0.1379,11,1371.1,0,0,11,0,13,5,0,0,0,SYNTHETIC_UPI_V1,1
61,0.1311,11,514.69,0,0,11,0,16,5,0,0,0,SYNTHETIC_UPI_V1,1
69,0.1159,11,346.17,0,0,16,0,19,10,0,0,0,SYNTHETIC_UPI_V1,1
52,0.0577,11,0.0,1,0,11,0,13,5,0,0,0,SYNTHETIC_UPI_V1,1
61,0.1475,11,1126.03,0,0,12,0,14,5,0,0,0,SYNTHETIC_UPI_V1,1
57,0.1228,11,712.5,0,0,14,0,10,3,0,0,0,SYNTHETIC_UPI_V1,1
64,0.125,11,956.75,0,0,19,0,11,3,0,0,0,SYNTHETIC_UPI_V1,1
61,0.1311,11,183.85,0,0,11,0,16,8,0,0,0,SYNTHETIC_UPI_V1,1
60,0.1333,11,183.02,0,0,11,0,15,7,0,0,0,SYNTHETIC_UPI_V1,1
63,0.127,11,562.81,0,0,16,0,13,5,0,0,0,SYNTHETIC_UPI_V1,1
57,0.1404,11,1252.2,0,0,10,0,13,5,0,0,0,SYNTHETIC_UPI_V1,1
52,0.0577,11,0.0,1,0,11,0,13,5,0,0,0,SYNTHETIC_UPI_V1,1
67,0.1194,11,158.04,0,0,19,0,14,3,0,0,0,SYNTHETIC_UPI_V1,1
56,0.1429,11,292.81,0,0,12,0,10,3,0,0,0,SYNTHETIC_UPI_V1,1
58,0.0517,11,0.0,1,0,12,0,18,10,0,0,0,SYNTHETIC_UPI_V1,1
53,0.0566,11,0.0,1,0,12,0,13,5,0,0,0,SYNTHETIC_UPI_V1,1
58,0.0517,11,0.0,1,0,19,0,11,3,0,0,0,SYNTHETIC_UPI_V1,1
59,0.1525,11,1185.08,0,0,11,0,13,5,0,0,0,SYNTHETIC_UPI_V1,1
66,0.1364,11,1199.79,0,0,16,0,15,7,0,0,0,SYNTHETIC_UPI_V1,1
58,0.0517,11,0.0,1,0,12,0,18,10,0,0,0,SYNTHETIC_UPI_V1,1
63,0.1111,11,33.51,0,0,19,0,11,3,0,0,0,SYNTHETIC_UPI_V1,1
62,0.129,11,719.61,0,0,14,0,14,3,0,0,0,SYNTHETIC_UPI_V1,1
59,0.1525,11,1418.67,0,0,12,0,12,3,0,0,0,SYNTHETIC_UPI_V1,1
60,0.1333,11,1446.4,0,0,11,0,15,7,0,0,0,SYNTHETIC_UPI_V1,1
59,0.1356,11,170.86,0,0,10,0,15,7,0,0,0,SYNTHETIC_UPI_V1,1
62,0.129,11,107.87,0,0,11,0,17,8,0,0,0,SYNTHETIC_UPI_V1,1
56,0.1429,11,900.11,0,0,11,0,11,3,0,0,0,SYNTHETIC_UPI_V1,1
62,0.129,11,180.48,0,0,14,0,14,3,0,0,0,SYNTHETIC_UPI_V1,1
57,0.1404,11,685.71,0,0,10,0,13,5,0,0,0,SYNTHETIC_UPI_V1,1
59,0.1525,11,1001.01,0,0,11,0,13,5,0,0,0,SYNTHETIC_UPI_V1,1
51,0.0588,11,0.0,1,0,12,0,11,3,0,0,0,SYNTHETIC_UPI_V1,1
64,0.125,11,838.99,0,0,11,0,19,10,0,0,0,SYNTHETIC_UPI_V1,1
56,0.1607,11,1001.36,0,0,10,0,11,3,0,0,0,SYNTHETIC_UPI_V1,1
59,0.1356,11,904.61,0,0,12,0,13,5,0,0,0,SYNTHETIC_UPI_V1,1
61,0.1311,11,344.12,0,0,16,0,11,3,0,0,0,SYNTHETIC_UPI_V1,1
65,0.1231,11,865.41,0,0,14,0,17,10,0,0,0,SYNTHETIC_UPI_V1,1
59,0.1356,11,990.17,0,0,12,0,13,5,0,0,0,SYNTHETIC_UPI_V1,1
55,0.1455,11,533.02,0,0,11,0,10,3,0,0,0,SYNTHETIC_UPI_V1,1
51,0.0588,11,0.0,1,0,10,0,13,5,0,0,0,SYNTHETIC_UPI_V1,1
59,0.1356,11,517.94,0,0,10,0,15,7,0,0,0,SYNTHETIC_UPI_V1,1
58,0.1379,11,241.81,0,0,14,0,10,3,0,0,0,SYNTHETIC_UPI_V1,1
60,0.1333,11,641.78,0,0,11,0,15,7,0,0,0,SYNTHETIC_UPI_V1,1
64,0.125,11,175.23,0,0,14,0,16,8,0,0,0,SYNTHETIC_UPI_V1,1
62,0.1452,11,1476.82,0,0,12,0,15,8,0,0,0,SYNTHETIC_UPI_V1,1
67,0.1194,11,1148.6,0,0,19,0,14,7,0,0,0,SYNTHETIC_UPI_V1,1
58,0.1379,11,271.79,0,0,12,0,12,3,0,0,0,SYNTHETIC_UPI_V1,1
52,0.0577,11,0.0,1,0,11,0,13,5,0,0,0,SYNTHETIC_UPI_V1,1
66,0.1212,11,867.88,0,0,14,0,18,7,0,0,0,SYNTHETIC_UPI_V1,1
56,0.125,11,613.5,0,0,10,0,13,5,0,0,0,SYNTHETIC_UPI_V1,1
53,0.0566,11,0.0,1,0,11,0,14,3,0,0,0,SYNTHETIC_UPI_V1,1
69,0.1159,11,472.31,0,0,14,0,21,10,0,0,0,SYNTHETIC_UPI_V1,1
58,0.1207,11,179.9,0,0,14,0,11,3,0,0,0,SYNTHETIC_UPI_V1,1
59,0.1525,11,1437.75,0,0,11,0,13,5,0,0,0,SYNTHETIC_UPI_V1,1
52,0.0577,11,0.0,1,0,11,0,13,5,0,0,0,SYNTHETIC_UPI_V1,1
55,0.0545,11,0.0,1,0,14,0,13,5,0,0,0,SYNTHETIC_UPI_V1,1
64,0.125,11,944.55,0,0,11,0,19,8,0,0,0,SYNTHETIC_UPI_V1,1
63,0.1429,11,1196.53,0,0,12,0,16,5,0,0,0,SYNTHETIC_UPI_V1,1
60,0.1167,11,66.03,0,0,11,0,16,7,0,0,0,SYNTHETIC_UPI_V1,1
60,0.15,11,1466.28,0,0,14,0,11,3,0,0,0,SYNTHETIC_UPI_V1,1
62,0.129,11,835.93,0,0,10,0,18,10,0,0,0,SYNTHETIC_UPI_V1,1
60,0.1333,11,757.04,0,0,11,0,15,7,0,0,0,SYNTHETIC_UPI_V1,1
62,0.129,11,267.11,0,0,14,0,14,7,0,0,0,SYNTHETIC_UPI_V1,1
59,0.1356,11,918.61,0,0,12,0,13,5,0,0,0,SYNTHETIC_UPI_V1,1
54,0.1481,11,514.17,0,0,10,0,10,3,0,0,0,SYNTHETIC_UPI_V1,1
54,0.0556,11,0.0,1,0,11,0,15,7,0,0,0,SYNTHETIC_UPI_V1,1
67,0.1343,11,1278.83,0,0,11,0,21,10,0,0,0,SYNTHETIC_UPI_V1,1
58,0.1379,11,987.52,0,0,11,0,13,5,0,0,0,SYNTHETIC_UPI_V1,1
58,0.1207,11,968.8,0,0,11,0,14,5,0,0,0,SYNTHETIC_UPI_V1,1
59,0.1356,11,640.88,0,0,14,0,11,3,0,0,0,SYNTHETIC_UPI_V1,1
60,0.1333,11,519.18,0,0,16,0,10,3,0,0,0,SYNTHETIC_UPI_V1,1
60,0.05,11,0.0,1,0,16,0,16,8,0,0,0,SYNTHETIC_UPI_V1,1
64,0.125,11,930.87,0,0,11,0,19,10,0,0,0,SYNTHETIC_UPI_V1,1
61,0.0984,11,75.1,0,0,16,0,13,5,0,0,0,SYNTHETIC_UPI_V1,1
64,0.125,11,919.79,0,0,19,0,11,3,0,0,0,SYNTHETIC_UPI_V1,1
62,0.1452,11,1178.71,0,0,11,0,16,8,0,0,0,SYNTHETIC_UPI_V1,1
62,0.129,11,1169.4,0,0,12,0,16,5,0,0,0,SYNTHETIC_UPI_V1,1
66,0.1212,11,216.21,0,0,19,0,13,5,0,0,0,SYNTHETIC_UPI_V1,1
59,0.1356,11,162.86,0,0,11,0,14,3,0,0,0,SYNTHETIC_UPI_V1,1
62,0.1129,11,774.9,0,0,11,0,18,10,0,0,0,SYNTHETIC_UPI_V1,1
59,0.1356,11,1396.4,0,0,12,0,13,5,0,0,0,SYNTHETIC_UPI_V1,1
65,0.1231,11,131.59,0,0,19,0,12,5,0,0,0,SYNTHETIC_UPI_V1,1
59,0.1356,11,215.02,0,0,11,0,14,5,0,0,0,SYNTHETIC_UPI_V1,1
56,0.125,11,216.8,0,0,12,0,11,3,0,0,0,SYNTHETIC_UPI_V1,1
59,0.0508,11,0.0,1,0,14,0,17,8,0,0,0,SYNTHETIC_UPI_V1,1
51,0.0588,11,0.0,1,0,10,0,13,5,0,0,0,SYNTHETIC_UPI_V1,1
58,0.1379,11,962.04,0,0,12,0,12,3,0,0,0,SYNTHETIC_UPI_V1,1
65,0.1231,11,866.82,0,0,12,0,19,8,0,0,0,SYNTHETIC_UPI_V1,1
59,0.1356,11,630.69,0,0,11,0,14,5,0,0,0,SYNTHETIC_UPI_V1,1
65,0.1231,11,820.68,0,0,14,0,17,10,0,0,0,SYNTHETIC_UPI_V1,1
65,0.1385,11,1471.75,0,0,12,0,18,7,0,0,0,SYNTHETIC_UPI_V1,1
56,0.1429,11,523.76,0,0,11,0,11,3,0,0,0,SYNTHETIC_UPI_V1,1
57,0.0526,11,0.0,1,0,11,0,18,10,0,0,0,SYNTHETIC_UPI_V1,1
57,0.1404,11,723.01,0,0,12,0,11,3,0,0,0,SYNTHETIC_UPI_V1,1
62,0.1452,11,1415.97,0,0,14,0,13,5,0,0,0,SYNTHETIC_UPI_V1,1
69,0.1159,11,480.24,0,0,19,0,16,7,0,0,0,SYNTHETIC_UPI_V1,1
53,0.0566,11,0.0,1,0,11,0,14,3,0,0,0,SYNTHETIC_UPI_V1,1
60,0.15,11,1201.02,0,0,11,0,14,5,0,0,0,SYNTHETIC_UPI_V1,1
58,0.1207,11,586.1,0,0,12,0,13,5,0,0,0,SYNTHETIC_UPI_V1,1
61,0.1311,11,783.72,0,0,11,0,16,5,0,0,0,SYNTHETIC_UPI_V1,1
66,0.1212,11,1492.7,0,0,14,0,18,10,0,0,0,SYNTHETIC_UPI_V1,1
54,0.0556,11,0.0,1,0,14,0,12,5,0,0,0,SYNTHETIC_UPI_V1,1
64,0.125,11,533.81,0,0,16,0,14,3,0,0,0,SYNTHETIC_UPI_V1,1
60,0.1333,11,658.06,0,0,11,0,15,7,0,0,0,SYNTHETIC_UPI_V1,1
64,0.1406,11,1127.35,0,0,11,0,18,7,0,0,0,SYNTHETIC_UPI_V1,1
64,0.1406,11,1020.35,0,0,16,0,13,5,0,0,0,SYNTHETIC_UPI_V1,1
70,0.1143,11,555.83,0,0,19,0,17,8,0,0,0,SYNTHETIC_UPI_V1,1
59,0.1356,11,1021.8,0,0,12,0,13,5,0,0,0,SYNTHETIC_UPI_V1,1
62,0.129,11,603.07,0,0,16,0,12,3,0,0,0,SYNTHETIC_UPI_V1,1
58,0.1379,11,753.58,0,0,12,0,12,3,0,0,0,SYNTHETIC_UPI_V1,1
61,0.1311,11,397.83,0,0,14,0,13,5,0,0,0,SYNTHETIC_UPI_V1,1
61,0.1311,11,212.24,0,0,12,0,15,8,0,0,0,SYNTHETIC_UPI_V1,1
70,0.1286,11,1451.67,0,0,14,0,21,10,0,0,0,SYNTHETIC_UPI_V1,1
59,0.1356,11,442.64,0,0,14,0,11,3,0,0,0,SYNTHETIC_UPI_V1,1
61,0.1311,11,768.05,0,0,16,0,11,3,0,0,0,SYNTHETIC_UPI_V1,1
68,0.1176,11,746.09,0,0,16,0,18,10,0,0,0,SYNTHETIC_UPI_V1,1
56,0.1429,11,831.95,0,0,12,0,10,3,0,0,0,SYNTHETIC_UPI_V1,1
68,0.1324,11,1156.06,0,0,12,0,21,10,0,0,0,SYNTHETIC_UPI_V1,1
66,0.1364,11,1023.36,0,0,14,0,17,10,0,0,0,SYNTHETIC_UPI_V1,1
62,0.1452,11,1366.96,0,0,16,0,11,3,0,0,0,SYNTHETIC_UPI_V1,1
65,0.1231,11,251.33,0,0,16,0,15,7,0,0,0,SYNTHETIC_UPI_V1,1
60,0.1333,11,956.24,0,0,14,0,12,5,0,0,0,SYNTHETIC_UPI_V1,1
58,0.1379,11,261.27,0,0,14,0,10,3,0,0,0,SYNTHETIC_UPI_V1,1
57,0.1228,11,52.28,0,0,12,0,12,5,0,0,0,SYNTHETIC_UPI_V1,1
61,0.1475,11,1152.77,0,0,11,0,15,7,0,0,0,SYNTHETIC_UPI_V1,1
59,0.1356,11,944.47,0,0,12,0,13,5,0,0,0,SYNTHETIC_UPI_V1,1
57,0.1579,11,1208.99,0,0,11,0,11,3,0,0,0,SYNTHETIC_UPI_V1,1
54,0.0556,11,0.0,1,0,12,0,14,5,0,0,0,SYNTHETIC_UPI_V1,1
58,0.1379,11,475.75,0,0,11,0,13,5,0,0,0,SYNTHETIC_UPI_V1,1
56,0.1429,11,204.84,0,0,11,0,11,3,0,0,0,SYNTHETIC_UPI_V1,1
57,0.1404,11,192.56,0,0,11,0,12,3,0,0,0,SYNTHETIC_UPI_V1,1
63,0.127,11,582.38,0,0,12,0,17,8,0,0,0,SYNTHETIC_UPI_V1,1
59,0.1525,11,1084.48,0,0,11,0,13,5,0,0,0,SYNTHETIC_UPI_V1,1
59,0.1356,11,705.55,0,0,12,0,13,5,0,0,0,SYNTHETIC_UPI_V1,1
57,0.1579,11,1450.36,0,0,10,0,12,3,0,0,0,SYNTHETIC_UPI_V1,1
59,0.1186,11,900.3,0,0,12,0,14,5,0,0,0,SYNTHETIC_UPI_V1,1
66,0.1364,11,1324.86,0,0,14,0,17,8,0,0,0,SYNTHETIC_UPI_V1,1
50,0.06,11,0.0,1,0,11,0,11,3,0,0,0,SYNTHETIC_UPI_V1,1
60,0.1333,11,119.56,0,0,11,0,15,7,0,0,0,SYNTHETIC_UPI_V1,1
61,0.1311,11,938.63,0,0,11,0,16,8,0,0,0,SYNTHETIC_UPI_V1,1
64,0.1406,11,1480.31,0,0,10,0,19,10,0,0,0,SYNTHETIC_UPI_V1,1
64,0.125,11,608.07,0,0,19,0,11,3,0,0,0,SYNTHETIC_UPI_V1,1
60,0.1333,11,783.81,0,0,11,0,15,7,0,0,0,SYNTHETIC_UPI_V1,1
63,0.127,11,923.47,0,0,16,0,13,5,0,0,0,SYNTHETIC_UPI_V1,1
57,0.1404,11,769.47,0,0,11,0,12,5,0,0,0,SYNTHETIC_UPI_V1,1
60,0.1167,11,34.79,0,0,11,0,16,8,0,0,0,SYNTHETIC_UPI_V1,1
56,0.1607,11,1197.16,0,0,10,0,11,3,0,0,0,SYNTHETIC_UPI_V1,1
67,0.1194,11,879.45,0,0,19,0,14,7,0,0,0,SYNTHETIC_UPI_V1,1
66,0.1212,11,370.87,0,0,16,0,16,5,0,0,0,SYNTHETIC_UPI_V1,1
66,0.1212,11,625.31,0,0,11,0,21,10,0,0,0,SYNTHETIC_UPI_V1,1
62,0.129,11,782.84,0,0,12,0,16,5,0,0,0,SYNTHETIC_UPI_V1,1
57,0.1404,11,477.49,0,0,12,0,11,3,0,0,0,SYNTHETIC_UPI_V1,1
58,0.1552,11,1302.81,0,0,11,0,12,5,0,0,0,SYNTHETIC_UPI_V1,1
64,0.125,11,425.72,0,0,19,0,11,3,0,0,0,SYNTHETIC_UPI_V1,1
56,0.1607,11,1038.46,0,0,11,0,10,3,0,0,0,SYNTHETIC_UPI_V1,1
60,0.1333,11,864.48,0,0,11,0,15,8,0,0,0,SYNTHETIC_UPI_V1,1
58,0.1552,11,1432.37,0,0,10,0,13,5,0,0,0,SYNTHETIC_UPI_V1,1
60,0.1333,11,669.14,0,0,14,0,12,5,0,0,0,SYNTHETIC_UPI_V1,1
64,0.125,11,812.48,0,0,19,0,11,3,0,0,0,SYNTHETIC_UPI_V1,1
58,0.0517,11,0.0,1,0,19,0,11,3,0,0,0,SYNTHETIC_UPI_V1,1
53,0.0566,11,0.0,1,0,12,0,13,5,0,0,0,SYNTHETIC_UPI_V1,1
59,0.1356,11,214.83,0,0,14,0,11,3,0,0,0,SYNTHETIC_UPI_V1,1
63,0.1429,11,1136.31,0,0,12,0,16,5,0,0,0,SYNTHETIC_UPI_V1,1
60,0.1333,11,356.01,0,0,14,0,12,3,0,0,0,SYNTHETIC_UPI_V1,1
66,0.1364,11,1258.03,0,0,16,0,15,7,0,0,0,SYNTHETIC_UPI_V1,1
58,0.1207,11,287.6,0,0,10,0,15,7,0,0,0,SYNTHETIC_UPI_V1,1
57,0.1404,11,908.15,0,0,12,0,11,3,0,0,0,SYNTHETIC_UPI_V1,1
64,0.125,11,707.35,0,0,16,0,14,3,0,0,0,SYNTHETIC_UPI_V1,1
52,0.0577,11,0.0,1,0,11,0,13,5,0,0,0,SYNTHETIC_UPI_V1,1
60,0.05,11,0.0,1,0,16,0,16,8,0,0,0,SYNTHETIC_UPI_V1,1
58,0.0517,11,0.0,1,0,19,0,11,3,0,0,0,SYNTHETIC_UPI_V1,1
52,0.0577,11,0.0,1,0,11,0,13,5,0,0,0,SYNTHETIC_UPI_V1,1
64,0.125,11,379.59,0,0,12,0,18,10,0,0,0,SYNTHETIC_UPI_V1,1
58,0.1207,11,459.9,0,0,11,0,14,3,0,0,0,SYNTHETIC_UPI_V1,1
61,0.0492,11,0.0,1,0,19,0,14,7,0,0,0,SYNTHETIC_UPI_V1,1
63,0.1429,11,1385.43,0,0,10,0,18,10,0,0,0,SYNTHETIC_UPI_V1,1
56,0.1429,11,339.07,0,0,11,0,11,3,0,0,0,SYNTHETIC_UPI_V1,1
61,0.1311,11,828.36,0,0,11,0,16,5,0,0,0,SYNTHETIC_UPI_V1,1
70,0.1286,11,1023.71,0,0,19,0,16,8,0,0,0,SYNTHETIC_UPI_V1,1
65,0.1231,11,177.19,0,0,14,0,17,10,0,0,0,SYNTHETIC_UPI_V1,1
63,0.127,11,785.31,0,0,16,0,13,5,0,0,0,SYNTHETIC_UPI_V1,1
58,0.0517,11,0.0,1,0,12,0,18,10,0,0,0,SYNTHETIC_UPI_V1,1
56,0.0536,11,0.0,1,0,12,0,16,8,0,0,0,SYNTHETIC_UPI_V1,1
60,0.1333,11,469.17,0,0,12,0,14,5,0,0,0,SYNTHETIC_UPI_V1,1
68,0.1029,11,77.48,0,0,19,0,16,7,0,0,0,SYNTHETIC_UPI_V1,1
57,0.1404,11,112.84,0,0,12,0,11,3,0,0,0,SYNTHETIC_UPI_V1,1
70,0.1286,11,1151.08,0,0,16,0,19,8,0,0,0,SYNTHETIC_UPI_V1,1
63,0.1429,11,1361.08,0,0,12,0,16,5,0,0,0,SYNTHETIC_UPI_V1,1
52,0.0577,11,0.0,1,0,11,0,13,5,0,0,0,SYNTHETIC_UPI_V1,1
60,0.15,11,1467.95,0,0,12,0,13,5,0,0,0,SYNTHETIC_UPI_V1,1
61,0.1475,11,1236.81,0,0,10,0,16,8,0,0,0,SYNTHETIC_UPI_V1,1
52,0.0577,11,0.0,1,0,11,0,13,5,0,0,0,SYNTHETIC_UPI_V1,1
67,0.1194,11,110.26,0,0,12,0,21,10,0,0,0,SYNTHETIC_UPI_V1,1
69,0.1159,11,609.38,0,0,19,0,16,7,0,0,0,SYNTHETIC_UPI_V1,1
63,0.1111,11,441.0,0,0,16,0,14,5,0,0,0,SYNTHETIC_UPI_V1,1
63,0.127,11,223.46,0,0,19,0,10,3,0,0,0,SYNTHETIC_UPI_V1,1
58,0.1379,11,891.58,0,0,12,0,12,5,0,0,0,SYNTHETIC_UPI_V1,1
56,0.125,11,79.86,0,0,10,0,13,5,0,0,0,SYNTHETIC_UPI_V1,1
55,0.1455,11,484.91,0,0,10,0,11,3,0,0,0,SYNTHETIC_UPI_V1,1
50,0.06,11,0.0,1,0,10,0,12,5,0,0,0,SYNTHETIC_UPI_V1,1
61,0.1311,11,225.08,0,0,11,0,16,8,0,0,0,SYNTHETIC_UPI_V1,1
60,0.1333,11,840.36,0,0,10,0,16,8,0,0,0,SYNTHETIC_UPI_V1,1
65,0.1231,11,127.81,0,0,19,0,12,5,0,0,0,SYNTHETIC_UPI_V1,1
65,0.1385,11,1245.82,0,0,14,0,16,8,0,0,0,SYNTHETIC_UPI_V1,1
58,0.0517,11,0.0,1,0,14,0,16,7,0,0,0,SYNTHETIC_UPI_V1,1
56,0.125,11,32.85,0,0,11,0,12,5,0,0,0,SYNTHETIC_UPI_V1,1
62,0.1452,11,1133.95,0,0,14,0,13,5,0,0,0,SYNTHETIC_UPI_V1,1
65,0.1077,11,366.6,0,0,19,0,13,5,0,0,0,SYNTHETIC_UPI_V1,1
55,0.1455,11,976.59,0,0,10,0,11,3,0,0,0,SYNTHETIC_UPI_V1,1
54,0.0556,11,0.0,1,0,12,0,14,3,0,0,0,SYNTHETIC_UPI_V1,1
61,0.1311,11,562.35,0,0,11,0,16,8,0,0,0,SYNTHETIC_UPI_V1,1
57,0.0526,11,0.0,1,0,16,0,13,5,0,0,0,SYNTHETIC_UPI_V1,1
58,0.1379,11,858.99,0,0,11,0,13,5,0,0,0,SYNTHETIC_UPI_V1,1
57,0.1404,11,738.05,0,0,11,0,12,5,0,0,0,SYNTHETIC_UPI_V1,1
59,0.0508,11,0.0,1,0,16,0,15,8,0,0,0,SYNTHETIC_UPI_V1,1
63,0.127,11,120.75,0,0,12,0,17,8,0,0,0,SYNTHETIC_UPI_V1,1
53,0.0566,11,0.0,1,0,10,0,15,7,0,0,0,SYNTHETIC_UPI_V1,1
59,0.1356,11,689.45,0,0,12,0,13,5,0,0,0,SYNTHETIC_UPI_V1,1
60,0.1167,11,33.44,0,0,12,0,15,7,0,0,0,SYNTHETIC_UPI_V1,1
51,0.0588,11,0.0,1,0,11,0,12,5,0,0,0,SYNTHETIC_UPI_V1,1
57,0.0526,11,0.0,1,0,16,0,13,5,0,0,0,SYNTHETIC_UPI_V1,1
70,0.1,11,386.1,0,0,19,0,18,10,0,0,0,SYNTHETIC_UPI_V1,1
62,0.129,11,614.98,0,0,14,0,14,3,0,0,0,SYNTHETIC_UPI_V1,1
67,0.1343,11,1243.81,0,0,19,0,13,5,0,0,0,SYNTHETIC_UPI_V1,1
58,0.0517,11,0.0,1,0,12,0,18,10,0,0,0,SYNTHETIC_UPI_V1,1
63,0.1429,11,1057.24,0,0,12,0,16,5,0,0,0,SYNTHETIC_UPI_V1,1
67,0.1343,11,1288.36,0,0,11,0,21,10,0,0,0,SYNTHETIC_UPI_V1,1
64,0.125,11,1352.9,0,0,12,0,18,10,0,0,0,SYNTHETIC_UPI_V1,1
62,0.129,11,849.63,0,0,11,0,17,8,0,0,0,SYNTHETIC_UPI_V1,1
60,0.1333,11,884.68,0,0,12,0,14,7,0,0,0,SYNTHETIC_UPI_V1,1
52,0.0577,11,0.0,1,0,11,0,13,5,0,0,0,SYNTHETIC_UPI_V1,1
62,0.1452,11,1112.22,0,0,11,0,16,5,0,0,0,SYNTHETIC_UPI_V1,1
57,0.0526,11,0.0,1,0,12,0,17,10,0,0,0,SYNTHETIC_UPI_V1,1
58,0.1379,11,924.66,0,0,11,0,13,5,0,0,0,SYNTHETIC_UPI_V1,1
52,0.0577,11,0.0,1,0,11,0,13,5,0,0,0,SYNTHETIC_UPI_V1,1
57,0.1404,11,540.16,0,0,12,0,11,3,0,0,0,SYNTHETIC_UPI_V1,1
64,0.125,11,450.12,0,0,14,0,16,5,0,0,0,SYNTHETIC_UPI_V1,1
60,0.1167,11,576.2,0,0,14,0,13,5,0,0,0,SYNTHETIC_UPI_V1,1
58,0.1379,11,146.37,0,0,11,0,13,5,0,0,0,SYNTHETIC_UPI_V1,1
52,0.0577,11,0.0,1,0,14,0,10,3,0,0,0,SYNTHETIC_UPI_V1,1
58,0.0517,11,0.0,1,0,14,0,16,5,0,0,0,SYNTHETIC_UPI_V1,1
48,0.0625,11,0.0,1,0,10,0,10,3,0,0,0,SYNTHETIC_UPI_V1,1
67,0.1194,11,262.68,0,0,19,0,14,5,0,0,0,SYNTHETIC_UPI_V1,1
57,0.1404,11,227.44,0,0,11,0,12,5,0,0,0,SYNTHETIC_UPI_V1,1
61,0.1311,11,124.61,0,0,11,0,16,5,0,0,0,SYNTHETIC_UPI_V1,1
57,0.1404,11,301.37,0,0,12,0,11,3,0,0,0,SYNTHETIC_UPI_V1,1
63,0.127,11,934.09,0,0,10,0,19,10,0,0,0,SYNTHETIC_UPI_V1,1
64,0.125,11,908.78,0,0,16,0,14,3,0,0,0,SYNTHETIC_UPI_V1,1
57,0.1404,11,444.26,0,0,10,0,13,5,0,0,0,SYNTHETIC_UPI_V1,1
69,0.1159,11,427.65,0,0,19,0,16,8,0,0,0,SYNTHETIC_UPI_V1,1
63,0.127,11,829.65,0,0,16,0,13,5,0,0,0,SYNTHETIC_UPI_V1,1
69,0.1159,11,444.08,0,0,19,0,16,8,0,0,0,SYNTHETIC_UPI_V1,1
62,0.129,11,217.38,0,0,10,0,18,10,0,0,0,SYNTHETIC_UPI_V1,1
55,0.1455,11,120.21,0,0,10,0,11,3,0,0,0,SYNTHETIC_UPI_V1,1
64,0.1094,11,545.7,0,0,12,0,19,8,0,0,0,SYNTHETIC_UPI_V1,1
57,0.0526,11,0.0,1,0,11,0,18,10,0,0,0,SYNTHETIC_UPI_V1,1
63,0.127,11,651.38,0,0,11,0,18,7,0,0,0,SYNTHETIC_UPI_V1,1
68,0.1176,11,592.79,0,0,19,0,15,7,0,0,0,SYNTHETIC_UPI_V1,1
54,0.0556,11,0.0,1,0,12,0,14,5,0,0,0,SYNTHETIC_UPI_V1,1
55,0.0545,11,0.0,1,0,14,0,13,5,0,0,0,SYNTHETIC_UPI_V1,1
58,0.1379,11,786.46,0,0,12,0,12,5,0,0,0,SYNTHETIC_UPI_V1,1
60,0.1333,11,457.39,0,0,12,0,14,3,0,0,0,SYNTHETIC_UPI_V1,1
65,0.1231,11,254.89,0,0,14,0,17,10,0,0,0,SYNTHETIC_UPI_V1,1
59,0.1525,11,1438.11,0,0,11,0,13,5,0,0,0,SYNTHETIC_UPI_V1,1
57,0.0526,11,0.0,1,0,16,0,13,5,0,0,0,SYNTHETIC_UPI_V1,1
59,0.1356,11,589.37,0,0,12,0,13,5,0,0,0,SYNTHETIC_UPI_V1,1
62,0.129,11,809.96,0,0,14,0,14,5,0,0,0,SYNTHETIC_UPI_V1,1
63,0.1429,11,1295.33,0,0,14,0,14,3,0,0,0,SYNTHETIC_UPI_V1,1
63,0.1429,11,1269.82,0,0,14,0,14,3,0,0,0,SYNTHETIC_UPI_V1,1
58,0.1379,11,889.35,0,0,11,0,13,5,0,0,0,SYNTHETIC_UPI_V1,1
52,0.0577,11,0.0,1,0,11,0,13,5,0,0,0,SYNTHETIC_UPI_V1,1
55,0.1455,11,215.42,0,0,10,0,11,3,0,0,0,SYNTHETIC_UPI_V1,1
66,0.1212,11,739.57,0,0,16,0,16,5,0,0,0,SYNTHETIC_UPI_V1,1
63,0.1429,11,1428.24,0,0,12,0,16,5,0,0,0,SYNTHETIC_UPI_V1,1
65,0.1231,11,742.67,0,0,12,0,19,8,0,0,0,SYNTHETIC_UPI_V1,1
63,0.127,11,338.59,0,0,12,0,17,8,0,0,0,SYNTHETIC_UPI_V1,1
64,0.125,11,852.82,0,0,16,0,14,7,0,0,0,SYNTHETIC_UPI_V1,1
65,0.1231,11,819.23,0,0,14,0,17,8,0,0,0,SYNTHETIC_UPI_V1,1
59,0.1525,11,1484.77,0,0,12,0,12,3,0,0,0,SYNTHETIC_UPI_V1,1
72,0.125,11,1498.98,0,0,19,0,18,10,0,0,0,SYNTHETIC_UPI_V1,1
63,0.127,11,184.91,0,0,12,0,17,8,0,0,0,SYNTHETIC_UPI_V1,1
50,0.06,11,0.0,1,0,10,0,12,5,0,0,0,SYNTHETIC_UPI_V1,1
66,0.1212,11,859.41,0,0,19,0,13,5,0,0,0,SYNTHETIC_UPI_V1,1
56,0.1429,11,446.03,0,0,11,0,11,3,0,0,0,SYNTHETIC_UPI_V1,1
53,0.0566,11,0.0,1,0,14,0,11,3,0,0,0,SYNTHETIC_UPI_V1,1
58,0.1379,11,199.06,0,0,11,0,13,5,0,0,0,SYNTHETIC_UPI_V1,1
66,0.1364,11,1017.59,0,0,19,0,12,5,0,0,0,SYNTHETIC_UPI_V1,1
59,0.1356,11,122.52,0,0,10,0,15,8,0,0,0,SYNTHETIC_UPI_V1,1
62,0.129,11,737.19,0,0,11,0,17,10,0,0,0,SYNTHETIC_UPI_V1,1
63,0.127,11,693.09,0,0,14,0,15,7,0,0,0,SYNTHETIC_UPI_V1,1
55,0.1455,11,650.17,0,0,10,0,11,3,0,0,0,SYNTHETIC_UPI_V1,1
57,0.1404,11,871.12,0,0,11,0,12,5,0,0,0,SYNTHETIC_UPI_V1,1
56,0.0536,11,0.0,1,0,12,0,16,8,0,0,0,SYNTHETIC_UPI_V1,1
63,0.1429,11,1487.84,0,0,12,0,16,8,0,0,0,SYNTHETIC_UPI_V1,1
52,0.0577,11,0.0,1,0,11,0,13,5,0,0,0,SYNTHETIC_UPI_V1,1
49,0.0612,11,0.0,1,0,11,0,10,3,0,0,0,SYNTHETIC_UPI_V1,1
65,0.1231,11,145.89,0,0,19,0,12,5,0,0,0,SYNTHETIC_UPI_V1,1
63,0.0476,11,0.0,1,0,14,0,21,10,0,0,0,SYNTHETIC_UPI_V1,1
56,0.0536,11,0.0,1,0,12,0,16,5,0,0,0,SYNTHETIC_UPI_V1,1
55,0.1455,11,721.77,0,0,10,0,11,3,0,0,0,SYNTHETIC_UPI_V1,1
63,0.1429,11,1322.67,0,0,14,0,14,5,0,0,0,SYNTHETIC_UPI_V1,1
57,0.0526,11,0.0,1,0,16,0,13,5,0,0,0,SYNTHETIC_UPI_V1,1
66,0.1364,11,1086.42,0,0,16,0,15,7,0,0,0,SYNTHETIC_UPI_V1,1
59,0.1356,11,139.17,0,0,12,0,13,5,0,0,0,SYNTHETIC_UPI_V1,1
63,0.127,11,649.79,0,0,10,0,19,10,0,0,0,SYNTHETIC_UPI_V1,1
67,0.1194,11,904.01,0,0,19,0,14,5,0,0,0,SYNTHETIC_UPI_V1,1
57,0.1404,11,991.02,0,0,12,0,11,3,0,0,0,SYNTHETIC_UPI_V1,1
54,0.1296,11,91.31,0,0,10,0,11,3,0,0,0,SYNTHETIC_UPI_V1,1
67,0.1194,11,894.96,0,0,19,0,14,5,0,0,0,SYNTHETIC_UPI_V1,1
54,0.0556,11,0.0,1,0,11,0,15,7,0,0,0,SYNTHETIC_UPI_V1,1
60,0.15,11,1157.85,0,0,12,0,13,5,0,0,0,SYNTHETIC_UPI_V1,1
62,0.1452,11,1384.64,0,0,11,0,16,7,0,0,0,SYNTHETIC_UPI_V1,1
60,0.1333,11,132.82,0,0,10,0,16,5,0,0,0,SYNTHETIC_UPI_V1,1
60,0.1333,11,312.76,0,0,14,0,12,5,0,0,0,SYNTHETIC_UPI_V1,1
64,0.125,11,661.85,0,0,14,0,16,5,0,0,0,SYNTHETIC_UPI_V1,1
52,0.0577,11,0.0,1,0,10,0,14,5,0,0,0,SYNTHETIC_UPI_V1,1
57,0.0526,11,0.0,1,0,14,0,15,7,0,0,0,SYNTHETIC_UPI_V1,1
63,0.127,11,526.59,0,0,16,0,13,5,0,0,0,SYNTHETIC_UPI_V1,1
55,0.1273,11,185.9,0,0,11,0,11,3,0,0,0,SYNTHETIC_UPI_V1,1
63,0.127,11,401.79,0,0,11,0,18,7,0,0,0,SYNTHETIC_UPI_V1,1
63,0.127,11,854.66,0,0,12,0,17,10,0,0,0,SYNTHETIC_UPI_V1,1
60,0.1333,11,768.15,0,0,14,0,12,3,0,0,0,SYNTHETIC_UPI_V1,1
61,0.1311,11,712.93,0,0,12,0,15,7,0,0,0,SYNTHETIC_UPI_V1,1
64,0.1406,11,1287.65,0,0,16,0,13,5,0,0,0,SYNTHETIC_UPI_V1,1
56,0.125,11,486.7,0,0,10,0,13,5,0,0,0,SYNTHETIC_UPI_V1,1
59,0.0508,11,0.0,1,0,12,0,19,10,0,0,0,SYNTHETIC_UPI_V1,1
64,0.1406,11,1300.39,0,0,14,0,15,7,0,0,0,SYNTHETIC_UPI_V1,1
60,0.1333,11,444.48,0,0,12,0,14,3,0,0,0,SYNTHETIC_UPI_V1,1
51,0.1373,11,2587.67,0,0,3,1,13,3,0,0,0,SYNTHETIC_UPI_V1,0
68,0.1029,11,7788.93,0,0,7,0,26,8,0,0,1,SYNTHETIC_UPI_V1,0
49,0.1429,11,1491.68,0,1,0,0,14,4,0,0,0,SYNTHETIC_UPI_V1,0
68,0.1029,11,6203.62,0,0,7,0,26,8,0,0,1,SYNTHETIC_UPI_V1,0
48,0.125,11,386.08,0,1,0,0,14,4,0,0,0,SYNTHETIC_UPI_V1,0
91,0.033,16,0.0,0,0,11,0,11,4,1,0,0,SYNTHETIC_UPI_V1,0
58,0.1207,11,9659.95,0,0,7,0,16,7,0,0,0,SYNTHETIC_UPI_V1,0
48,0.1458,11,4779.46,0,1,0,0,13,3,0,0,0,SYNTHETIC_UPI_V1,0
59,0.1356,11,20178.58,0,0,7,0,16,7,0,0,0,SYNTHETIC_UPI_V1,0
91,0.033,16,0.0,0,0,11,0,11,4,1,0,0,SYNTHETIC_UPI_V1,0
56,0.1429,11,1423.37,0,0,7,1,14,3,0,0,0,SYNTHETIC_UPI_V1,0
49,0.1429,11,897.65,0,1,0,0,15,4,0,0,0,SYNTHETIC_UPI_V1,0
60,0.15,11,24451.18,0,0,7,0,17,7,0,0,0,SYNTHETIC_UPI_V1,0
50,0.16,11,1452.14,0,1,0,0,15,4,0,0,0,SYNTHETIC_UPI_V1,0
59,0.1356,11,5878.01,0,0,7,0,17,7,0,0,0,SYNTHETIC_UPI_V1,0
50,0.16,11,1804.85,0,1,0,0,15,4,0,0,0,SYNTHETIC_UPI_V1,0
69,0.1159,11,3597.93,0,0,7,0,27,8,0,0,1,SYNTHETIC_UPI_V1,0
55,0.1273,11,4885.5,0,0,7,1,14,3,0,0,0,SYNTHETIC_UPI_V1,0
60,0.15,11,16615.41,0,0,7,0,17,7,0,0,0,SYNTHETIC_UPI_V1,0
69,0.1159,11,1501.35,0,0,7,0,27,8,0,0,1,SYNTHETIC_UPI_V1,0
92,0.0435,16,0.0,0,0,11,0,12,4,1,0,0,SYNTHETIC_UPI_V1,0
60,0.15,11,16837.92,0,0,7,0,17,7,0,0,0,SYNTHETIC_UPI_V1,0
60,0.15,11,13699.66,0,0,7,0,17,7,0,0,0,SYNTHETIC_UPI_V1,0
49,0.1429,11,549.87,0,1,0,0,15,4,0,0,0,SYNTHETIC_UPI_V1,0
54,0.1481,11,4667.19,0,0,5,1,14,3,0,0,0,SYNTHETIC_UPI_V1,0
92,0.0435,16,0.0,0,0,11,0,12,4,1,0,0,SYNTHETIC_UPI_V1,0
54,0.1481,11,2537.41,0,0,5,1,14,3,0,0,0,SYNTHETIC_UPI_V1,0
49,0.1429,11,241.91,0,1,0,0,15,4,0,0,0,SYNTHETIC_UPI_V1,0
49,0.1429,11,358.61,0,1,0,0,15,4,0,0,0,SYNTHETIC_UPI_V1,0
68,0.1029,11,1317.3,0,0,7,0,27,8,0,0,1,SYNTHETIC_UPI_V1,0
58,0.1207,11,8287.5,0,0,7,0,17,7,0,0,0,SYNTHETIC_UPI_V1,0
92,0.0435,16,0.0,0,0,11,0,12,4,1,0,0,SYNTHETIC_UPI_V1,0
53,0.1509,11,1043.32,0,0,4,1,14,3,0,0,0,SYNTHETIC_UPI_V1,0
52,0.1538,11,2533.63,0,0,3,1,14,3,0,0,0,SYNTHETIC_UPI_V1,0
92,0.0435,16,0.0,0,0,11,0,12,4,1,0,0,SYNTHETIC_UPI_V1,0
55,0.1273,11,906.89,0,0,7,1,14,3,0,0,0,SYNTHETIC_UPI_V1,0
49,0.1633,11,1467.59,0,1,0,0,14,3,0,0,0,SYNTHETIC_UPI_V1,0
51,0.1373,11,910.46,0,0,3,1,14,3,0,0,0,SYNTHETIC_UPI_V1,0
50,0.16,11,1939.96,0,1,0,0,15,4,0,0,0,SYNTHETIC_UPI_V1,0
92,0.0435,16,0.0,0,0,11,0,12,4,1,0,0,SYNTHETIC_UPI_V1,0
68,0.1029,11,867.13,0,0,7,0,27,8,0,0,1,SYNTHETIC_UPI_V1,0
56,0.125,11,4190.4,0,0,8,1,14,3,0,0,0,SYNTHETIC_UPI_V1,0
49,0.1429,11,159.06,0,1,0,0,15,4,0,0,0,SYNTHETIC_UPI_V1,0
92,0.0435,16,0.0,0,0,11,0,12,4,1,0,0,SYNTHETIC_UPI_V1,0
92,0.0435,16,0.0,0,0,11,0,12,4,1,0,0,SYNTHETIC_UPI_V1,0
69,0.1159,11,6110.59,0,0,7,0,27,8,0,0,1,SYNTHETIC_UPI_V1,0
49,0.1429,11,279.98,0,1,0,0,15,4,0,0,0,SYNTHETIC_UPI_V1,0
60,0.15,11,21077.94,0,0,7,0,17,7,0,0,0,SYNTHETIC_UPI_V1,0
49,0.1429,11,330.76,0,1,0,0,15,4,0,0,0,SYNTHETIC_UPI_V1,0
60,0.15,11,21607.45,0,0,7,0,17,7,0,0,0,SYNTHETIC_UPI_V1,0
49,0.1429,11,348.36,0,1,0,0,15,4,0,0,0,SYNTHETIC_UPI_V1,0
92,0.0435,16,0.0,0,0,11,0,12,4,1,0,0,SYNTHETIC_UPI_V1,0
56,0.1429,11,3120.46,0,0,7,1,14,3,0,0,0,SYNTHETIC_UPI_V1,0
54,0.1111,11,598.1,0,0,7,1,14,3,0,0,0,SYNTHETIC_UPI_V1,0
59,0.1356,11,8955.01,0,0,7,0,17,7,0,0,0,SYNTHETIC_UPI_V1,0
92,0.0435,16,0.0,0,0,11,0,12,4,1,0,0,SYNTHETIC_UPI_V1,0
49,0.1429,11,274.76,0,1,0,0,15,4,0,0,0,SYNTHETIC_UPI_V1,0
55,0.1273,11,692.13,0,0,7,1,14,3,0,0,0,SYNTHETIC_UPI_V1,0
92,0.0435,16,0.0,0,0,11,0,12,4,1,0,0,SYNTHETIC_UPI_V1,0
59,0.1356,11,8359.78,0,0,7,0,17,7,0,0,0,SYNTHETIC_UPI_V1,0
69,0.1159,11,3748.67,0,0,7,0,27,8,0,0,1,SYNTHETIC_UPI_V1,0
92,0.0435,16,0.0,0,0,11,0,12,4,1,0,0,SYNTHETIC_UPI_V1,0
92,0.0435,16,0.0,0,0,11,0,12,4,1,0,0,SYNTHETIC_UPI_V1,0
60,0.15,11,12654.59,0,0,7,0,17,7,0,0,0,SYNTHETIC_UPI_V1,0
92,0.0435,16,0.0,0,0,11,0,12,4,1,0,0,SYNTHETIC_UPI_V1,0
49,0.1429,11,772.49,0,1,0,0,15,4,0,0,0,SYNTHETIC_UPI_V1,0
49,0.1429,11,622.47,0,1,0,0,15,4,0,0,0,SYNTHETIC_UPI_V1,0
92,0.0435,16,0.0,0,0,11,0,12,4,1,0,0,SYNTHETIC_UPI_V1,0
49,0.1429,11,165.83,0,1,0,0,15,4,0,0,0,SYNTHETIC_UPI_V1,0
69,0.1159,11,5127.33,0,0,7,0,27,8,0,0,1,SYNTHETIC_UPI_V1,0
56,0.1429,11,2353.96,0,0,7,1,14,3,0,0,0,SYNTHETIC_UPI_V1,0
69,0.1159,11,4092.73,0,0,7,0,27,8,0,0,1,SYNTHETIC_UPI_V1,0
60,0.15,11,10595.52,0,0,7,0,17,7,0,0,0,SYNTHETIC_UPI_V1,0
49,0.1429,11,896.55,0,1,0,0,15,4,0,0,0,SYNTHETIC_UPI_V1,0
69,0.1159,11,2368.61,0,0,7,0,27,8,0,0,1,SYNTHETIC_UPI_V1,0
69,0.1159,11,6461.35,0,0,7,0,27,8,0,0,1,SYNTHETIC_UPI_V1,0
92,0.0435,16,0.0,0,0,11,0,12,4,1,0,0,SYNTHETIC_UPI_V1,0
56,0.1429,11,2950.33,0,0,7,1,14,3,0,0,0,SYNTHETIC_UPI_V1,0
92,0.0435,16,0.0,0,0,11,0,12,4,1,0,0,SYNTHETIC_UPI_V1,0
54,0.1481,11,2247.72,0,0,5,1,14,3,0,0,0,SYNTHETIC_UPI_V1,0
49,0.1429,11,149.52,0,1,0,0,15,4,0,0,0,SYNTHETIC_UPI_V1,0
69,0.1159,11,2142.65,0,0,7,0,27,8,0,0,1,SYNTHETIC_UPI_V1,0
49,0.1633,11,4138.94,0,1,0,0,14,3,0,0,0,SYNTHETIC_UPI_V1,0
92,0.0435,16,0.0,0,0,11,0,12,4,1,0,0,SYNTHETIC_UPI_V1,0
69,0.1159,11,3180.75,0,0,7,0,27,8,0,0,1,SYNTHETIC_UPI_V1,0
69,0.1159,11,7997.04,0,0,7,0,27,8,0,0,1,SYNTHETIC_UPI_V1,0
49,0.1429,11,290.26,0,1,0,0,15,4,0,0,0,SYNTHETIC_UPI_V1,0
48,0.125,11,606.4,0,1,0,0,15,4,0,0,0,SYNTHETIC_UPI_V1,0
60,0.15,11,20280.99,0,0,7,0,17,7,0,0,0,SYNTHETIC_UPI_V1,0
50,0.16,11,1193.82,0,1,0,0,15,4,0,0,0,SYNTHETIC_UPI_V1,0
92,0.0435,16,0.0,0,0,11,0,12,4,1,0,0,SYNTHETIC_UPI_V1,0
52,0.1538,11,1292.45,0,0,3,1,14,3,0,0,0,SYNTHETIC_UPI_V1,0
69,0.1159,11,2885.03,0,0,7,0,27,8,0,0,1,SYNTHETIC_UPI_V1,0
49,0.1633,11,3665.54,0,1,0,0,14,3,0,0,0,SYNTHETIC_UPI_V1,0
52,0.1538,11,3033.99,0,0,3,1,14,3,0,0,0,SYNTHETIC_UPI_V1,0
50,0.16,11,1689.72,0,1,0,0,15,4,0,0,0,SYNTHETIC_UPI_V1,0
92,0.0435,16,0.0,0,0,11,0,12,4,1,0,0,SYNTHETIC_UPI_V1,0
68,0.1029,11,2817.9,0,0,7,0,27,8,0,0,1,SYNTHETIC_UPI_V1,0
92,0.0435,16,0.0,0,0,11,0,12,4,1,0,0,SYNTHETIC_UPI_V1,0
59,0.1356,11,6805.15,0,0,7,0,17,7,0,0,0,SYNTHETIC_UPI_V1,0
51,0.1765,11,1243.16,0,1,0,0,16,4,0,0,0,SYNTHETIC_UPI_V1,0
61,0.1639,11,15528.97,0,0,7,0,18,7,0,0,0,SYNTHETIC_UPI_V1,0
61,0.1639,11,11634.68,0,0,7,0,18,7,0,0,0,SYNTHETIC_UPI_V1,0
70,0.1286,11,2010.98,0,0,7,0,28,8,0,0,1,SYNTHETIC_UPI_V1,0
50,0.16,11,747.44,0,1,0,0,16,4,0,0,0,SYNTHETIC_UPI_V1,0
51,0.1765,11,1845.68,0,1,0,0,16,4,0,0,0,SYNTHETIC_UPI_V1,0
49,0.1633,11,598.61,0,1,0,0,15,3,0,0,0,SYNTHETIC_UPI_V1,0
70,0.1286,11,5785.22,0,0,7,0,28,8,0,0,1,SYNTHETIC_UPI_V1,0
50,0.16,11,1571.3,0,1,0,0,16,4,0,0,0,SYNTHETIC_UPI_V1,0
70,0.1286,11,6955.02,0,0,7,0,28,8,0,0,1,SYNTHETIC_UPI_V1,0
61,0.1639,11,12471.82,0,0,7,0,18,7,0,0,0,SYNTHETIC_UPI_V1,0
93,0.0538,16,0.0,0,0,11,0,13,4,1,0,0,SYNTHETIC_UPI_V1,0
70,0.1286,11,1257.74,0,0,7,0,28,8,0,0,1,SYNTHETIC_UPI_V1,0
55,0.1636,11,1114.03,0,0,5,1,15,3,0,0,0,SYNTHETIC_UPI_V1,0
51,0.1765,11,1491.47,0,1,0,0,16,4,0,0,0,SYNTHETIC_UPI_V1,0
93,0.0538,16,0.0,0,0,11,0,13,4,1,0,0,SYNTHETIC_UPI_V1,0
93,0.0538,16,0.0,0,0,11,0,13,4,1,0,0,SYNTHETIC_UPI_V1,0
53,0.1698,11,3682.32,0,0,3,1,15,3,0,0,0,SYNTHETIC_UPI_V1,0
69,0.1159,11,5701.7,0,0,7,0,28,8,0,0,1,SYNTHETIC_UPI_V1,0
70,0.1286,11,6402.44,0,0,7,0,28,8,0,0,1,SYNTHETIC_UPI_V1,0
51,0.1765,11,1364.51,0,1,0,0,16,4,0,0,0,SYNTHETIC_UPI_V1,0
50,0.16,11,818.93,0,1,0,0,16,4,0,0,0,SYNTHETIC_UPI_V1,0
53,0.1698,11,1299.69,0,0,3,1,15,3,0,0,0,SYNTHETIC_UPI_V1,0
61,0.1639,11,23975.76,0,0,7,0,18,7,0,0,0,SYNTHETIC_UPI_V1,0
70,0.1286,11,3437.01,0,0,7,0,28,8,0,0,1,SYNTHETIC_UPI_V1,0
69,0.1159,11,742.87,0,0,7,0,28,8,0,0,1,SYNTHETIC_UPI_V1,0
70,0.1286,11,2886.63,0,0,7,0,28,8,0,0,1,SYNTHETIC_UPI_V1,0
70,0.1286,11,2156.71,0,0,7,0,28,8,0,0,1,SYNTHETIC_UPI_V1,0
70,0.1286,11,1280.83,0,0,7,0,28,8,0,0,1,SYNTHETIC_UPI_V1,0
93,0.0538,16,0.0,0,0,11,0,13,4,1,0,0,SYNTHETIC_UPI_V1,0
50,0.16,11,729.22,0,1,0,0,16,4,0,0,0,SYNTHETIC_UPI_V1,0
60,0.15,11,9759.92,0,0,7,0,18,7,0,0,0,SYNTHETIC_UPI_V1,0
53,0.1698,11,3362.84,0,0,3,1,15,3,0,0,0,SYNTHETIC_UPI_V1,0
61,0.1639,11,21433.24,0,0,7,0,18,7,0,0,0,SYNTHETIC_UPI_V1,0
56,0.1429,11,551.28,0,0,7,1,15,3,0,0,0,SYNTHETIC_UPI_V1,0
50,0.16,11,574.13,0,1,0,0,16,4,0,0,0,SYNTHETIC_UPI_V1,0
61,0.1639,11,12009.62,0,0,7,0,18,7,0,0,0,SYNTHETIC_UPI_V1,0
61,0.1639,11,19408.27,0,0,7,0,18,7,0,0,0,SYNTHETIC_UPI_V1,0
61,0.1639,11,12718.74,0,0,7,0,18,7,0,0,0,SYNTHETIC_UPI_V1,0
93,0.0538,16,0.0,0,0,11,0,13,4,1,0,0,SYNTHETIC_UPI_V1,0
51,0.1765,11,1780.65,0,1,0,0,16,4,0,0,0,SYNTHETIC_UPI_V1,0
93,0.0538,16,0.0,0,0,11,0,13,4,1,0,0,SYNTHETIC_UPI_V1,0
93,0.0538,16,0.0,0,0,11,0,13,4,1,0,0,SYNTHETIC_UPI_V1,0
53,0.1509,11,956.43,0,0,4,1,15,3,0,0,0,SYNTHETIC_UPI_V1,0
93,0.0538,16,0.0,0,0,11,0,13,4,1,0,0,SYNTHETIC_UPI_V1,0
70,0.1286,11,5382.27,0,0,7,0,28,8,0,0,1,SYNTHETIC_UPI_V1,0
50,0.16,11,409.05,0,1,0,0,16,4,0,0,0,SYNTHETIC_UPI_V1,0
61,0.1639,11,20983.89,0,0,7,0,18,7,0,0,0,SYNTHETIC_UPI_V1,0
61,0.1639,11,10898.17,0,0,7,0,18,7,0,0,0,SYNTHETIC_UPI_V1,0
58,0.1552,11,4782.48,0,0,8,1,15,3,0,0,0,SYNTHETIC_UPI_V1,0
61,0.1639,11,11836.16,0,0,7,0,18,7,0,0,0,SYNTHETIC_UPI_V1,0
93,0.0538,16,0.0,0,0,11,0,13,4,1,0,0,SYNTHETIC_UPI_V1,0
51,0.1765,11,1490.77,0,1,0,0,16,4,0,0,0,SYNTHETIC_UPI_V1,0
70,0.1286,11,7563.76,0,0,7,0,28,8,0,0,1,SYNTHETIC_UPI_V1,0
61,0.1639,11,11759.01,0,0,7,0,18,7,0,0,0,SYNTHETIC_UPI_V1,0
69,0.1159,11,7199.2,0,0,7,0,28,8,0,0,1,SYNTHETIC_UPI_V1,0
61,0.1639,11,13626.47,0,0,7,0,18,7,0,0,0,SYNTHETIC_UPI_V1,0
50,0.16,11,1253.9,0,1,0,0,16,4,0,0,0,SYNTHETIC_UPI_V1,0
93,0.0538,16,0.0,0,0,11,0,13,4,1,0,0,SYNTHETIC_UPI_V1,0
50,0.16,11,201.76,0,1,0,0,16,4,0,0,0,SYNTHETIC_UPI_V1,0
53,0.1698,11,4884.79,0,0,3,1,15,3,0,0,0,SYNTHETIC_UPI_V1,0
93,0.0538,16,0.0,0,0,11,0,13,4,1,0,0,SYNTHETIC_UPI_V1,0
70,0.1286,11,5915.29,0,0,7,0,28,8,0,0,1,SYNTHETIC_UPI_V1,0
70,0.1286,11,2489.49,0,0,7,0,28,8,0,0,1,SYNTHETIC_UPI_V1,0
58,0.1552,11,1568.97,0,0,8,1,15,3,0,0,0,SYNTHETIC_UPI_V1,0
61,0.1639,11,12858.04,0,0,7,0,18,7,0,0,0,SYNTHETIC_UPI_V1,0
70,0.1286,11,6798.91,0,0,7,0,28,8,0,0,1,SYNTHETIC_UPI_V1,0
50,0.16,11,203.56,0,1,0,0,16,4,0,0,0,SYNTHETIC_UPI_V1,0
61,0.1639,11,13552.12,0,0,7,0,18,7,0,0,0,SYNTHETIC_UPI_V1,0
57,0.1579,11,1398.54,0,0,7,1,15,3,0,0,0,SYNTHETIC_UPI_V1,0
60,0.15,11,9139.06,0,0,7,0,18,7,0,0,0,SYNTHETIC_UPI_V1,0
57,0.1579,11,2631.07,0,0,7,1,15,3,0,0,0,SYNTHETIC_UPI_V1,0
61,0.1639,11,11167.07,0,0,7,0,18,7,0,0,0,SYNTHETIC_UPI_V1,0
93,0.0538,16,0.0,0,0,11,0,13,4,1,0,0,SYNTHETIC_UPI_V1,0
93,0.0538,16,0.0,0,0,11,0,13,4,1,0,0,SYNTHETIC_UPI_V1,0
93,0.0538,16,0.0,0,0,11,0,13,4,1,0,0,SYNTHETIC_UPI_V1,0
56,0.1429,11,3388.4,0,0,7,1,15,3,0,0,0,SYNTHETIC_UPI_V1,0
93,0.0538,16,0.0,0,0,11,0,13,4,1,0,0,SYNTHETIC_UPI_V1,0
50,0.16,11,804.94,0,1,0,0,16,4,0,0,0,SYNTHETIC_UPI_V1,0
93,0.0538,16,0.0,0,0,11,0,13,4,1,0,0,SYNTHETIC_UPI_V1,0
53,0.1698,11,2505.99,0,0,3,1,15,3,0,0,0,SYNTHETIC_UPI_V1,0
57,0.1579,11,2592.76,0,0,7,1,15,3,0,0,0,SYNTHETIC_UPI_V1,0
51,0.1765,11,1690.45,0,1,0,0,16,4,0,0,0,SYNTHETIC_UPI_V1,0
68,0.1029,11,962.3,0,0,7,0,28,8,0,0,1,SYNTHETIC_UPI_V1,0
60,0.15,11,6714.15,0,0,7,0,18,7,0,0,0,SYNTHETIC_UPI_V1,0
54,0.1667,11,4868.17,0,0,4,1,15,3,0,0,0,SYNTHETIC_UPI_V1,0
70,0.1286,11,2206.35,0,0,7,0,28,8,0,0,1,SYNTHETIC_UPI_V1,0
61,0.1639,11,21815.94,0,0,7,0,18,7,0,0,0,SYNTHETIC_UPI_V1,0
70,0.1286,11,3639.74,0,0,7,0,28,8,0,0,1,SYNTHETIC_UPI_V1,0
70,0.1286,11,5653.01,0,0,7,0,28,8,0,0,1,SYNTHETIC_UPI_V1,0
93,0.0538,16,0.0,0,0,11,0,13,4,1,0,0,SYNTHETIC_UPI_V1,0
69,0.1159,11,7112.4,0,0,7,0,28,8,0,0,1,SYNTHETIC_UPI_V1,0
93,0.0538,16,0.0,0,0,11,0,13,4,1,0,0,SYNTHETIC_UPI_V1,0
57,0.1579,11,2276.62,0,0,7,1,15,3,0,0,0,SYNTHETIC_UPI_V1,0
61,0.1639,11,15042.03,0,0,7,0,18,7,0,0,0,SYNTHETIC_UPI_V1,0
70,0.1286,11,6503.38,0,0,7,0,28,8,0,0,1,SYNTHETIC_UPI_V1,0
70,0.1286,11,1605.86,0,0,7,0,28,8,0,0,1,SYNTHETIC_UPI_V1,0
93,0.0538,16,0.0,0,0,11,0,13,4,1,0,0,SYNTHETIC_UPI_V1,0
51,0.1765,11,1903.22,0,1,0,0,16,4,0,0,0,SYNTHETIC_UPI_V1,0
51,0.1765,11,1947.11,0,1,0,0,16,4,0,0,0,SYNTHETIC_UPI_V1,0
50,0.16,11,339.75,0,1,0,0,16,4,0,0,0,SYNTHETIC_UPI_V1,0
93,0.0538,16,0.0,0,0,11,0,13,4,1,0,0,SYNTHETIC_UPI_V1,0
60,0.15,11,24765.6,0,0,7,0,18,7,0,0,0,SYNTHETIC_UPI_V1,0
93,0.0538,16,0.0,0,0,11,0,13,4,1,0,0,SYNTHETIC_UPI_V1,0
51,0.1765,11,1994.81,0,1,0,0,16,4,0,0,0,SYNTHETIC_UPI_V1,0
51,0.1765,11,1684.81,0,1,0,0,16,4,0,0,0,SYNTHETIC_UPI_V1,0
55,0.1636,11,4598.62,0,0,5,1,15,3,0,0,0,SYNTHETIC_UPI_V1,0
60,0.15,11,6740.55,0,0,7,0,18,7,0,0,0,SYNTHETIC_UPI_V1,0
70,0.1286,11,3480.16,0,0,7,0,28,8,0,0,1,SYNTHETIC_UPI_V1,0
57,0.1404,11,2838.6,0,0,8,1,15,3,0,0,0,SYNTHETIC_UPI_V1,0
61,0.1639,11,20731.01,0,0,7,0,18,7,0,0,0,SYNTHETIC_UPI_V1,0
70,0.1286,11,4906.82,0,0,7,0,28,8,0,0,1,SYNTHETIC_UPI_V1,0
93,0.0538,16,0.0,0,0,11,0,13,4,1,0,0,SYNTHETIC_UPI_V1,0
61,0.1639,11,13288.85,0,0,7,0,18,7,0,0,0,SYNTHETIC_UPI_V1,0
51,0.1765,11,1176.53,0,1,0,0,16,4,0,0,0,SYNTHETIC_UPI_V1,0
70,0.1286,11,6187.83,0,0,7,0,28,8,0,0,1,SYNTHETIC_UPI_V1,0
61,0.1639,11,23498.56,0,0,7,0,18,7,0,0,0,SYNTHETIC_UPI_V1,0
70,0.1286,11,6346.59,0,0,7,0,28,8,0,0,1,SYNTHETIC_UPI_V1,0
55,0.1636,11,4450.52,0,0,5,1,15,3,0,0,0,SYNTHETIC_UPI_V1,0
54,0.1667,11,3446.54,0,0,4,1,15,3,0,0,0,SYNTHETIC_UPI_V1,0
70,0.1286,11,5067.22,0,0,7,0,28,8,0,0,1,SYNTHETIC_UPI_V1,0
60,0.15,11,8443.99,0,0,7,0,18,7,0,0,0,SYNTHETIC_UPI_V1,0
93,0.0538,16,0.0,0,0,11,0,13,4,1,0,0,SYNTHETIC_UPI_V1,0
51,0.1765,11,1274.66,0,1,0,0,16,4,0,0,0,SYNTHETIC_UPI_V1,0
93,0.0538,16,0.0,0,0,11,0,13,4,1,0,0,SYNTHETIC_UPI_V1,0
61,0.1639,11,12915.85,0,0,7,0,18,7,0,0,0,SYNTHETIC_UPI_V1,0
52,0.1538,11,721.81,0,0,3,1,15,3,0,0,0,SYNTHETIC_UPI_V1,0
93,0.0538,16,0.0,0,0,11,0,13,4,1,0,0,SYNTHETIC_UPI_V1,0
54,0.1481,11,591.05,0,0,5,1,15,3,0,0,0,SYNTHETIC_UPI_V1,0
58,0.1552,11,1761.56,0,0,8,1,15,3,0,0,0,SYNTHETIC_UPI_V1,0
93,0.0538,16,0.0,0,0,11,0,13,4,1,0,0,SYNTHETIC_UPI_V1,0
61,0.1639,11,24449.93,0,0,7,0,18,7,0,0,0,SYNTHETIC_UPI_V1,0
50,0.16,11,355.33,0,1,0,0,16,4,0,0,0,SYNTHETIC_UPI_V1,0
93,0.0538,16,0.0,0,0,11,0,13,4,1,0,0,SYNTHETIC_UPI_V1,0
57,0.1404,11,3779.6,0,0,8,1,15,3,0,0,0,SYNTHETIC_UPI_V1,0
70,0.1286,11,5341.66,0,0,7,0,28,8,0,0,1,SYNTHETIC_UPI_V1,0
50,0.16,11,939.26,0,1,0,0,16,4,0,0,0,SYNTHETIC_UPI_V1,0
93,0.0538,16,0.0,0,0,11,0,13,4,1,0,0,SYNTHETIC_UPI_V1,0
93,0.0538,16,0.0,0,0,11,0,13,4,1,0,0,SYNTHETIC_UPI_V1,0
70,0.1286,11,7003.92,0,0,7,0,28,8,0,0,1,SYNTHETIC_UPI_V1,0
61,0.1639,11,15305.39,0,0,7,0,18,7,0,0,0,SYNTHETIC_UPI_V1,0
50,0.16,11,224.67,0,1,0,0,16,4,0,0,0,SYNTHETIC_UPI_V1,0
70,0.1286,11,3525.39,0,0,7,0,28,8,0,0,1,SYNTHETIC_UPI_V1,0
70,0.1286,11,7094.99,0,0,7,0,28,8,0,0,1,SYNTHETIC_UPI_V1,0
60,0.15,11,8474.75,0,0,7,0,18,7,0,0,0,SYNTHETIC_UPI_V1,0
51,0.1765,11,1690.26,0,1,0,0,16,4,0,0,0,SYNTHETIC_UPI_V1,0
50,0.16,11,162.83,0,1,0,0,16,4,0,0,0,SYNTHETIC_UPI_V1,0
61,0.1639,11,23360.62,0,0,7,0,18,7,0,0,0,SYNTHETIC_UPI_V1,0
50,0.16,11,620.56,0,1,0,0,16,4,0,0,0,SYNTHETIC_UPI_V1,0
93,0.0538,16,0.0,0,0,11,0,13,4,1,0,0,SYNTHETIC_UPI_V1,0
70,0.1286,11,3477.07,0,0,7,0,28,8,0,0,1,SYNTHETIC_UPI_V1,0
61,0.1639,11,18623.49,0,0,7,0,18,7,0,0,0,SYNTHETIC_UPI_V1,0
50,0.16,11,807.69,0,1,0,0,16,4,0,0,0,SYNTHETIC_UPI_V1,0
70,0.1286,11,3845.78,0,0,7,0,28,8,0,0,1,SYNTHETIC_UPI_V1,0
93,0.0538,16,0.0,0,0,11,0,13,4,1,0,0,SYNTHETIC_UPI_V1,0
69,0.1159,11,4635.0,0,0,7,0,28,8,0,0,1,SYNTHETIC_UPI_V1,0
53,0.1698,11,4269.44,0,0,3,1,15,3,0,0,0,SYNTHETIC_UPI_V1,0
57,0.1579,11,1782.81,0,0,7,1,15,3,0,0,0,SYNTHETIC_UPI_V1,0
93,0.0538,16,0.0,0,0,11,0,13,4,1,0,0,SYNTHETIC_UPI_V1,0
60,0.15,11,8258.15,0,0,7,0,18,7,0,0,0,SYNTHETIC_UPI_V1,0
70,0.1286,11,6348.73,0,0,7,0,28,8,0,0,1,SYNTHETIC_UPI_V1,0
51,0.1765,11,1728.51,0,1,0,0,16,4,0,0,0,SYNTHETIC_UPI_V1,0
51,0.1765,11,1387.62,0,1,0,0,16,4,0,0,0,SYNTHETIC_UPI_V1,0
54,0.1667,11,2809.77,0,0,4,1,15,3,0,0,0,SYNTHETIC_UPI_V1,0
61,0.1639,11,14481.94,0,0,7,0,18,7,0,0,0,SYNTHETIC_UPI_V1,0
51,0.1765,11,1330.01,0,1,0,0,16,4,0,0,0,SYNTHETIC_UPI_V1,0
70,0.1286,11,6506.49,0,0,7,0,28,8,0,0,1,SYNTHETIC_UPI_V1,0
50,0.16,11,579.54,0,1,0,0,16,4,0,0,0,SYNTHETIC_UPI_V1,0
58,0.1552,11,2407.13,0,0,8,1,15,3,0,0,0,SYNTHETIC_UPI_V1,0
93,0.0538,16,0.0,0,0,11,0,13,4,1,0,0,SYNTHETIC_UPI_V1,0
57,0.1579,11,1633.99,0,0,7,1,15,3,0,0,0,SYNTHETIC_UPI_V1,0
93,0.0538,16,0.0,0,0,11,0,13,4,1,0,0,SYNTHETIC_UPI_V1,0
54,0.1667,11,3130.19,0,0,4,1,15,3,0,0,0,SYNTHETIC_UPI_V1,0
61,0.1639,11,15230.27,0,0,7,0,18,7,0,0,0,SYNTHETIC_UPI_V1,0
58,0.1552,11,1843.14,0,0,8,1,15,3,0,0,0,SYNTHETIC_UPI_V1,0
61,0.1639,11,14634.77,0,0,7,0,18,7,0,0,0,SYNTHETIC_UPI_V1,0
58,0.1552,11,3382.68,0,0,8,1,15,3,0,0,0,SYNTHETIC_UPI_V1,0
58,0.1552,11,3452.54,0,0,8,1,15,3,0,0,0,SYNTHETIC_UPI_V1,0
53,0.1698,11,1174.68,0,0,3,1,15,3,0,0,0,SYNTHETIC_UPI_V1,0
51,0.1765,11,1809.41,0,1,0,0,16,4,0,0,0,SYNTHETIC_UPI_V1,0
70,0.1286,11,3530.74,0,0,7,0,28,8,0,0,1,SYNTHETIC_UPI_V1,0
53,0.1698,11,3745.77,0,0,3,1,15,3,0,0,0,SYNTHETIC_UPI_V1,0
93,0.0538,16,0.0,0,0,11,0,13,4,1,0,0,SYNTHETIC_UPI_V1,0
57,0.1404,11,4581.1,0,0,8,1,15,3,0,0,0,SYNTHETIC_UPI_V1,0
93,0.0538,16,0.0,0,0,11,0,13,4,1,0,0,SYNTHETIC_UPI_V1,0
93,0.0538,16,0.0,0,0,11,0,13,4,1,0,0,SYNTHETIC_UPI_V1,0
61,0.1639,11,16660.47,0,0,7,0,18,7,0,0,0,SYNTHETIC_UPI_V1,0
70,0.1286,11,6620.11,0,0,7,0,28,8,0,0,1,SYNTHETIC_UPI_V1,0
53,0.1698,11,3588.43,0,0,3,1,15,3,0,0,0,SYNTHETIC_UPI_V1,0
93,0.0538,16,0.0,0,0,11,0,13,4,1,0,0,SYNTHETIC_UPI_V1,0
58,0.1552,11,4304.39,0,0,8,1,15,3,0,0,0,SYNTHETIC_UPI_V1,0
70,0.1286,11,1858.52,0,0,7,0,28,8,0,0,1,SYNTHETIC_UPI_V1,0
61,0.1639,11,14415.62,0,0,7,0,18,7,0,0,0,SYNTHETIC_UPI_V1,0
53,0.1698,11,4761.16,0,0,3,1,15,3,0,0,0,SYNTHETIC_UPI_V1,0
57,0.1579,11,1500.14,0,0,7,1,15,3,0,0,0,SYNTHETIC_UPI_V1,0
50,0.16,11,1514.0,0,1,0,0,16,4,0,0,0,SYNTHETIC_UPI_V1,0
54,0.1667,11,4046.41,0,0,4,1,15,3,0,0,0,SYNTHETIC_UPI_V1,0
55,0.1636,11,1672.52,0,0,5,1,15,3,0,0,0,SYNTHETIC_UPI_V1,0
57,0.1579,11,4330.46,0,0,7,1,15,3,0,0,0,SYNTHETIC_UPI_V1,0
93,0.0538,16,0.0,0,0,11,0,13,4,1,0,0,SYNTHETIC_UPI_V1,0
61,0.1639,11,22327.87,0,0,7,0,18,7,0,0,0,SYNTHETIC_UPI_V1,0
70,0.1286,11,4852.35,0,0,7,0,28,8,0,0,1,SYNTHETIC_UPI_V1,0
70,0.1286,11,1034.12,0,0,7,0,28,8,0,0,1,SYNTHETIC_UPI_V1,0
51,0.1765,11,1050.91,0,1,0,0,16,4,0,0,0,SYNTHETIC_UPI_V1,0
93,0.0538,16,0.0,0,0,11,0,13,4,1,0,0,SYNTHETIC_UPI_V1,0
70,0.1286,11,2737.67,0,0,7,0,28,8,0,0,1,SYNTHETIC_UPI_V1,0
61,0.1639,11,22416.98,0,0,7,0,18,7,0,0,0,SYNTHETIC_UPI_V1,0
50,0.16,11,360.99,0,1,0,0,16,4,0,0,0,SYNTHETIC_UPI_V1,0
50,0.16,11,751.07,0,1,0,0,16,4,0,0,0,SYNTHETIC_UPI_V1,0
70,0.1286,11,7196.34,0,0,7,0,28,8,0,0,1,SYNTHETIC_UPI_V1,0
93,0.0538,16,0.0,0,0,11,0,13,4,1,0,0,SYNTHETIC_UPI_V1,0
50,0.16,11,701.13,0,1,0,0,16,4,0,0,0,SYNTHETIC_UPI_V1,0
51,0.1765,11,1579.99,0,1,0,0,16,4,0,0,0,SYNTHETIC_UPI_V1,0
93,0.0538,16,0.0,0,0,11,0,13,4,1,0,0,SYNTHETIC_UPI_V1,0
53,0.1698,11,1910.36,0,0,3,1,15,3,0,0,0,SYNTHETIC_UPI_V1,0
60,0.15,11,5094.27,0,0,7,0,18,7,0,0,0,SYNTHETIC_UPI_V1,0
53,0.1698,11,3925.37,0,0,3,1,15,3,0,0,0,SYNTHETIC_UPI_V1,0
51,0.1765,11,1194.93,0,1,0,0,16,4,0,0,0,SYNTHETIC_UPI_V1,0
50,0.16,11,1030.2,0,1,0,0,16,4,0,0,0,SYNTHETIC_UPI_V1,0
60,0.15,11,7588.12,0,0,7,0,18,7,0,0,0,SYNTHETIC_UPI_V1,0
93,0.0538,16,0.0,0,0,11,0,13,4,1,0,0,SYNTHETIC_UPI_V1,0
93,0.0538,16,0.0,0,0,11,0,13,4,1,0,0,SYNTHETIC_UPI_V1,0
93,0.0538,16,0.0,0,0,11,0,13,4,1,0,0,SYNTHETIC_UPI_V1,0
93,0.0538,16,0.0,0,0,11,0,13,4,1,0,0,SYNTHETIC_UPI_V1,0
93,0.0538,16,0.0,0,0,11,0,13,4,1,0,0,SYNTHETIC_UPI_V1,0
93,0.0538,16,0.0,0,0,11,0,13,4,1,0,0,SYNTHETIC_UPI_V1,0
60,0.15,11,5754.51,0,0,7,0,18,7,0,0,0,SYNTHETIC_UPI_V1,0
51,0.1765,11,1488.25,0,1,0,0,16,4,0,0,0,SYNTHETIC_UPI_V1,0
61,0.1639,11,22840.13,0,0,7,0,18,7,0,0,0,SYNTHETIC_UPI_V1,0
70,0.1286,11,1929.33,0,0,7,0,28,8,0,0,1,SYNTHETIC_UPI_V1,0
61,0.1639,11,17533.74,0,0,7,0,18,7,0,0,0,SYNTHETIC_UPI_V1,0
49,0.1429,11,529.9,0,1,0,0,16,4,0,0,0,SYNTHETIC_UPI_V1,0
58,0.1552,11,1080.19,0,0,8,1,15,3,0,0,0,SYNTHETIC_UPI_V1,0
93,0.0538,16,0.0,0,0,11,0,13,4,1,0,0,SYNTHETIC_UPI_V1,0
70,0.1286,11,4915.03,0,0,7,0,28,8,0,0,1,SYNTHETIC_UPI_V1,0
50,0.16,11,224.05,0,1,0,0,16,4,0,0,0,SYNTHETIC_UPI_V1,0
61,0.1639,11,10964.05,0,0,7,0,18,7,0,0,0,SYNTHETIC_UPI_V1,0
57,0.1579,11,3775.24,0,0,7,1,15,3,0,0,0,SYNTHETIC_UPI_V1,0
70,0.1286,11,4430.88,0,0,7,0,28,8,0,0,1,SYNTHETIC_UPI_V1,0
93,0.0538,16,0.0,0,0,11,0,13,4,1,0,0,SYNTHETIC_UPI_V1,0
50,0.16,11,751.19,0,1,0,0,16,4,0,0,0,SYNTHETIC_UPI_V1,0
93,0.0538,16,0.0,0,0,11,0,13,4,1,0,0,SYNTHETIC_UPI_V1,0
53,0.1698,11,1241.98,0,0,3,1,15,3,0,0,0,SYNTHETIC_UPI_V1,0
93,0.0538,16,0.0,0,0,11,0,13,4,1,0,0,SYNTHETIC_UPI_V1,0
60,0.15,11,9568.37,0,0,7,0,18,7,0,0,0,SYNTHETIC_UPI_V1,0
50,0.16,11,501.26,0,1,0,0,16,4,0,0,0,SYNTHETIC_UPI_V1,0
61,0.1639,11,16793.86,0,0,7,0,18,7,0,0,0,SYNTHETIC_UPI_V1,0
50,0.16,11,334.01,0,1,0,0,16,4,0,0,0,SYNTHETIC_UPI_V1,0
61,0.1639,11,12503.85,0,0,7,0,18,7,0,0,0,SYNTHETIC_UPI_V1,0
50,0.18,11,3172.66,0,1,0,0,15,3,0,0,0,SYNTHETIC_UPI_V1,0
60,0.15,11,18239.4,0,0,7,0,18,7,0,0,0,SYNTHETIC_UPI_V1,0
59,0.1356,11,5964.7,0,0,7,0,18,7,0,0,0,SYNTHETIC_UPI_V1,0
61,0.1639,11,13335.51,0,0,7,0,18,7,0,0,0,SYNTHETIC_UPI_V1,0
93,0.0538,16,0.0,0,0,11,0,13,4,1,0,0,SYNTHETIC_UPI_V1,0
61,0.1639,11,15945.65,0,0,7,0,18,7,0,0,0,SYNTHETIC_UPI_V1,0
93,0.0538,16,0.0,0,0,11,0,13,4,1,0,0,SYNTHETIC_UPI_V1,0
50,0.16,11,490.44,0,1,0,0,16,4,0,0,0,SYNTHETIC_UPI_V1,0
61,0.1639,11,11022.33,0,0,7,0,18,7,0,0,0,SYNTHETIC_UPI_V1,0
61,0.1639,11,18249.66,0,0,7,0,18,7,0,0,0,SYNTHETIC_UPI_V1,0
53,0.1698,11,2384.72,0,0,3,1,15,3,0,0,0,SYNTHETIC_UPI_V1,0
60,0.15,11,15231.7,0,0,7,0,18,7,0,0,0,SYNTHETIC_UPI_V1,0
70,0.1286,11,1383.01,0,0,7,0,28,8,0,0,1,SYNTHETIC_UPI_V1,0
60,0.15,11,20695.2,0,0,7,0,18,7,0,0,0,SYNTHETIC_UPI_V1,0
93,0.0538,16,0.0,0,0,11,0,13,4,1,0,0,SYNTHETIC_UPI_V1,0
50,0.16,11,1257.1,0,1,0,0,16,4,0,0,0,SYNTHETIC_UPI_V1,0
53,0.1698,11,2110.65,0,0,3,1,15,3,0,0,0,SYNTHETIC_UPI_V1,0
93,0.0538,16,0.0,0,0,11,0,13,4,1,0,0,SYNTHETIC_UPI_V1,0
52,0.1538,11,677.33,0,0,3,1,15,3,0,0,0,SYNTHETIC_UPI_V1,0
93,0.0538,16,0.0,0,0,11,0,13,4,1,0,0,SYNTHETIC_UPI_V1,0
51,0.1765,11,1407.59,0,1,0,0,16,4,0,0,0,SYNTHETIC_UPI_V1,0
93,0.0538,16,0.0,0,0,11,0,13,4,1,0,0,SYNTHETIC_UPI_V1,0
52,0.1538,11,512.32,0,0,3,1,15,3,0,0,0,SYNTHETIC_UPI_V1,0
60,0.15,11,23137.6,0,0,7,0,18,7,0,0,0,SYNTHETIC_UPI_V1,0
70,0.1286,11,5517.66,0,0,7,0,28,8,0,0,1,SYNTHETIC_UPI_V1,0
51,0.1765,11,1903.95,0,1,0,0,16,4,0,0,0,SYNTHETIC_UPI_V1,0
70,0.1286,11,1062.86,0,0,7,0,28,8,0,0,1,SYNTHETIC_UPI_V1,0
61,0.1639,11,23095.59,0,0,7,0,18,7,0,0,0,SYNTHETIC_UPI_V1,0
50,0.16,11,967.83,0,1,0,0,16,4,0,0,0,SYNTHETIC_UPI_V1,0
58,0.1552,11,2589.25,0,0,8,1,15,3,0,0,0,SYNTHETIC_UPI_V1,0
61,0.1639,11,21263.57,0,0,7,0,18,7,0,0,0,SYNTHETIC_UPI_V1,0
61,0.1639,11,22044.97,0,0,7,0,18,7,0,0,0,SYNTHETIC_UPI_V1,0
55,0.1636,11,2416.98,0,0,5,1,15,3,0,0,0,SYNTHETIC_UPI_V1,0
60,0.15,11,6899.97,0,0,7,0,18,7,0,0,0,SYNTHETIC_UPI_V1,0
60,0.15,11,5193.45,0,0,7,0,18,7,0,0,0,SYNTHETIC_UPI_V1,0
51,0.1765,11,1360.37,0,1,0,0,16,4,0,0,0,SYNTHETIC_UPI_V1,0
50,0.16,11,724.46,0,1,0,0,16,4,0,0,0,SYNTHETIC_UPI_V1,0
93,0.0538,16,0.0,0,0,11,0,13,4,1,0,0,SYNTHETIC_UPI_V1,0
70,0.1286,11,2512.32,0,0,7,0,28,8,0,0,1,SYNTHETIC_UPI_V1,0
61,0.1639,11,12452.44,0,0,7,0,18,7,0,0,0,SYNTHETIC_UPI_V1,0
53,0.1698,11,1012.24,0,0,3,1,15,3,0,0,0,SYNTHETIC_UPI_V1,0
93,0.0538,16,0.0,0,0,11,0,13,4,1,0,0,SYNTHETIC_UPI_V1,0
93,0.0538,16,0.0,0,0,11,0,13,4,1,0,0,SYNTHETIC_UPI_V1,0
54,0.1667,11,3604.56,0,0,4,1,15,3,0,0,0,SYNTHETIC_UPI_V1,0
93,0.0538,16,0.0,0,0,11,0,13,4,1,0,0,SYNTHETIC_UPI_V1,0
93,0.0538,16,0.0,0,0,11,0,13,4,1,0,0,SYNTHETIC_UPI_V1,0
50,0.16,11,314.81,0,1,0,0,16,4,0,0,0,SYNTHETIC_UPI_V1,0
61,0.1639,11,24631.38,0,0,7,0,18,7,0,0,0,SYNTHETIC_UPI_V1,0
50,0.16,11,297.05,0,1,0,0,16,4,0,0,0,SYNTHETIC_UPI_V1,0
70,0.1286,11,4120.06,0,0,7,0,28,8,0,0,1,SYNTHETIC_UPI_V1,0
70,0.1286,11,5587.95,0,0,7,0,28,8,0,0,1,SYNTHETIC_UPI_V1,0
51,0.1765,11,1261.51,0,1,0,0,16,4,0,0,0,SYNTHETIC_UPI_V1,0
50,0.18,11,4381.59,0,1,0,0,15,3,0,0,0,SYNTHETIC_UPI_V1,0
51,0.1765,11,1017.85,0,1,0,0,16,4,0,0,0,SYNTHETIC_UPI_V1,0
93,0.0538,16,0.0,0,0,11,0,13,4,1,0,0,SYNTHETIC_UPI_V1,0
61,0.1639,11,22751.88,0,0,7,0,18,7,0,0,0,SYNTHETIC_UPI_V1,0
93,0.0538,16,0.0,0,0,11,0,13,4,1,0,0,SYNTHETIC_UPI_V1,0
60,0.15,11,6266.72,0,0,7,0,18,7,0,0,0,SYNTHETIC_UPI_V1,0
50,0.18,11,3670.56,0,1,0,0,15,3,0,0,0,SYNTHETIC_UPI_V1,0
70,0.1286,11,6256.47,0,0,7,0,28,8,0,0,1,SYNTHETIC_UPI_V1,0
69,0.1159,11,5928.3,0,0,7,0,28,8,0,0,1,SYNTHETIC_UPI_V1,0
50,0.16,11,1958.0,0,1,0,0,16,4,0,0,0,SYNTHETIC_UPI_V1,0
57,0.1579,11,2447.82,0,0,7,1,15,3,0,0,0,SYNTHETIC_UPI_V1,0
51,0.1765,11,1015.67,0,1,0,0,16,4,0,0,0,SYNTHETIC_UPI_V1,0
93,0.0538,16,0.0,0,0,11,0,13,4,1,0,0,SYNTHETIC_UPI_V1,0
51,0.1765,11,1694.16,0,1,0,0,16,4,0,0,0,SYNTHETIC_UPI_V1,0
70,0.1286,11,7190.46,0,0,7,0,28,8,0,0,1,SYNTHETIC_UPI_V1,0
69,0.1159,11,909.25,0,0,7,0,28,8,0,0,1,SYNTHETIC_UPI_V1,0
51,0.1765,11,1060.58,0,1,0,0,16,4,0,0,0,SYNTHETIC_UPI_V1,0
93,0.0538,16,0.0,0,0,11,0,13,4,1,0,0,SYNTHETIC_UPI_V1,0
93,0.0538,16,0.0,0,0,11,0,13,4,1,0,0,SYNTHETIC_UPI_V1,0
50,0.16,11,242.24,0,1,0,0,16,4,0,0,0,SYNTHETIC_UPI_V1,0
93,0.0538,16,0.0,0,0,11,0,13,4,1,0,0,SYNTHETIC_UPI_V1,0
53,0.1698,11,1989.03,0,0,3,1,15,3,0,0,0,SYNTHETIC_UPI_V1,0
50,0.18,11,2781.18,0,1,0,0,15,3,0,0,0,SYNTHETIC_UPI_V1,0
70,0.1286,11,5324.88,0,0,7,0,28,8,0,0,1,SYNTHETIC_UPI_V1,0
93,0.0538,16,0.0,0,0,11,0,13,4,1,0,0,SYNTHETIC_UPI_V1,0
50,0.16,11,249.78,0,1,0,0,16,4,0,0,0,SYNTHETIC_UPI_V1,0
93,0.0538,16,0.0,0,0,11,0,13,4,1,0,0,SYNTHETIC_UPI_V1,0
70,0.1286,11,3860.74,0,0,7,0,28,8,0,0,1,SYNTHETIC_UPI_V1,0
93,0.0538,16,0.0,0,0,11,0,13,4,1,0,0,SYNTHETIC_UPI_V1,0
93,0.0538,16,0.0,0,0,11,0,13,4,1,0,0,SYNTHETIC_UPI_V1,0
57,0.1579,11,4913.02,0,0,7,1,15,3,0,0,0,SYNTHETIC_UPI_V1,0
60,0.15,11,7052.87,0,0,7,0,18,7,0,0,0,SYNTHETIC_UPI_V1,0
93,0.0538,16,0.0,0,0,11,0,13,4,1,0,0,SYNTHETIC_UPI_V1,0
61,0.1639,11,16142.62,0,0,7,0,18,7,0,0,0,SYNTHETIC_UPI_V1,0
61,0.1639,11,21518.18,0,0,7,0,18,7,0,0,0,SYNTHETIC_UPI_V1,0
70,0.1286,11,7723.78,0,0,7,0,28,8,0,0,1,SYNTHETIC_UPI_V1,0
53,0.1698,11,3445.68,0,0,3,1,15,3,0,0,0,SYNTHETIC_UPI_V1,0
93,0.0538,16,0.0,0,0,11,0,13,4,1,0,0,SYNTHETIC_UPI_V1,0
54,0.1481,11,4213.9,0,0,5,1,15,3,0,0,0,SYNTHETIC_UPI_V1,0
50,0.16,11,1704.2,0,1,0,0,16,4,0,0,0,SYNTHETIC_UPI_V1,0
57,0.1579,11,3724.96,0,0,7,1,15,3,0,0,0,SYNTHETIC_UPI_V1,0
57,0.1579,11,1013.11,0,0,7,1,15,3,0,0,0,SYNTHETIC_UPI_V1,0
50,0.16,11,104.17,0,1,0,0,16,4,0,0,0,SYNTHETIC_UPI_V1,0
58,0.1552,11,2964.61,0,0,8,1,15,3,0,0,0,SYNTHETIC_UPI_V1,0
55,0.1273,11,706.0,0,0,7,1,15,3,0,0,0,SYNTHETIC_UPI_V1,0
50,0.16,11,1035.6,0,1,0,0,16,4,0,0,0,SYNTHETIC_UPI_V1,0
93,0.0538,16,0.0,0,0,11,0,13,4,1,0,0,SYNTHETIC_UPI_V1,0
61,0.1639,11,10085.79,0,0,7,0,18,7,0,0,0,SYNTHETIC_UPI_V1,0
50,0.16,11,456.33,0,1,0,0,16,4,0,0,0,SYNTHETIC_UPI_V1,0
93,0.0538,16,0.0,0,0,11,0,13,4,1,0,0,SYNTHETIC_UPI_V1,0
50,0.16,11,968.39,0,1,0,0,16,4,0,0,0,SYNTHETIC_UPI_V1,0
50,0.16,11,1461.9,0,1,0,0,16,4,0,0,0,SYNTHETIC_UPI_V1,0
61,0.1639,11,20142.99,0,0,7,0,18,7,0,0,0,SYNTHETIC_UPI_V1,0
61,0.1639,11,23532.53,0,0,7,0,18,7,0,0,0,SYNTHETIC_UPI_V1,0
70,0.1286,11,1424.14,0,0,7,0,28,8,0,0,1,SYNTHETIC_UPI_V1,0
93,0.0538,16,0.0,0,0,11,0,13,4,1,0,0,SYNTHETIC_UPI_V1,0
93,0.0538,16,0.0,0,0,11,0,13,4,1,0,0,SYNTHETIC_UPI_V1,0
70,0.1286,11,7671.43,0,0,7,0,28,8,0,0,1,SYNTHETIC_UPI_V1,0
51,0.1765,11,1931.32,0,1,0,0,16,4,0,0,0,SYNTHETIC_UPI_V1,0
61,0.1639,11,15607.29,0,0,7,0,18,7,0,0,0,SYNTHETIC_UPI_V1,0
61,0.1639,11,16064.53,0,0,7,0,18,7,0,0,0,SYNTHETIC_UPI_V1,0
93,0.0538,16,0.0,0,0,11,0,13,4,1,0,0,SYNTHETIC_UPI_V1,0
70,0.1286,11,4121.99,0,0,7,0,28,8,0,0,1,SYNTHETIC_UPI_V1,0
70,0.1286,11,6358.11,0,0,7,0,28,8,0,0,1,SYNTHETIC_UPI_V1,0
51,0.1765,11,1414.45,0,1,0,0,16,4,0,0,0,SYNTHETIC_UPI_V1,0
51,0.1765,11,1487.94,0,1,0,0,16,4,0,0,0,SYNTHETIC_UPI_V1,0
50,0.16,11,296.75,0,1,0,0,16,4,0,0,0,SYNTHETIC_UPI_V1,0
70,0.1286,11,5046.21,0,0,7,0,28,8,0,0,1,SYNTHETIC_UPI_V1,0
54,0.1667,11,2383.99,0,0,4,1,15,3,0,0,0,SYNTHETIC_UPI_V1,0
70,0.1286,11,7369.33,0,0,7,0,28,8,0,0,1,SYNTHETIC_UPI_V1,0
50,0.16,11,619.83,0,1,0,0,16,4,0,0,0,SYNTHETIC_UPI_V1,0
58,0.1552,11,2537.81,0,0,8,1,15,3,0,0,0,SYNTHETIC_UPI_V1,0
50,0.16,11,362.54,0,1,0,0,16,4,0,0,0,SYNTHETIC_UPI_V1,0
70,0.1286,11,5750.11,0,0,7,0,28,8,0,0,1,SYNTHETIC_UPI_V1,0
70,0.1286,11,2741.85,0,0,7,0,28,8,0,0,1,SYNTHETIC_UPI_V1,0
70,0.1286,11,6955.31,0,0,7,0,28,8,0,0,1,SYNTHETIC_UPI_V1,0
70,0.1286,11,5244.37,0,0,7,0,28,8,0,0,1,SYNTHETIC_UPI_V1,0
50,0.16,11,498.45,0,1,0,0,16,4,0,0,0,SYNTHETIC_UPI_V1,0
55,0.1636,11,4645.36,0,0,5,1,15,3,0,0,0,SYNTHETIC_UPI_V1,0
51,0.1765,11,1964.54,0,1,0,0,16,4,0,0,0,SYNTHETIC_UPI_V1,0
50,0.16,11,1057.4,0,1,0,0,16,4,0,0,0,SYNTHETIC_UPI_V1,0
57,0.1579,11,3923.49,0,0,7,1,15,3,0,0,0,SYNTHETIC_UPI_V1,0
70,0.1286,11,4102.77,0,0,7,0,28,8,0,0,1,SYNTHETIC_UPI_V1,0
70,0.1286,11,7570.05,0,0,7,0,28,8,0,0,1,SYNTHETIC_UPI_V1,0
93,0.0538,16,0.0,0,0,11,0,13,4,1,0,0,SYNTHETIC_UPI_V1,0
70,0.1286,11,2644.46,0,0,7,0,28,8,0,0,1,SYNTHETIC_UPI_V1,0
93,0.0538,16,0.0,0,0,11,0,13,4,1,0,0,SYNTHETIC_UPI_V1,0
60,0.15,11,15454.6,0,0,7,0,18,7,0,0,0,SYNTHETIC_UPI_V1,0
61,0.1639,11,12617.41,0,0,7,0,18,7,0,0,0,SYNTHETIC_UPI_V1,0
61,0.1639,11,18405.08,0,0,7,0,18,7,0,0,0,SYNTHETIC_UPI_V1,0
50,0.16,11,607.26,0,1,0,0,16,4,0,0,0,SYNTHETIC_UPI_V1,0
51,0.1765,11,1968.71,0,1,0,0,16,4,0,0,0,SYNTHETIC_UPI_V1,0
53,0.1698,11,4277.22,0,0,3,1,15,3,0,0,0,SYNTHETIC_UPI_V1,0
53,0.1698,11,3891.17,0,0,3,1,15,3,0,0,0,SYNTHETIC_UPI_V1,0
61,0.1639,11,12173.65,0,0,7,0,18,7,0,0,0,SYNTHETIC_UPI_V1,0
93,0.0538,16,0.0,0,0,11,0,13,4,1,0,0,SYNTHETIC_UPI_V1,0
61,0.1639,11,17322.18,0,0,7,0,18,7,0,0,0,SYNTHETIC_UPI_V1,0
70,0.1286,11,6986.31,0,0,7,0,28,8,0,0,1,SYNTHETIC_UPI_V1,0
70,0.1286,11,3416.65,0,0,7,0,28,8,0,0,1,SYNTHETIC_UPI_V1,0
